/*
Navicat MySQL Data Transfer

Source Server         : 120.78.87.169
Source Server Version : 50718
Source Host           : rm-uf69w5es12e5rv2svo.mysql.rds.aliyuncs.com:3306
Source Database       : market

Target Server Type    : MYSQL
Target Server Version : 50718
File Encoding         : 65001

Date: 2018-02-06 21:04:04
*/

SET FOREIGN_KEY_CHECKS=0;

-- ----------------------------
-- Table structure for cart_item
-- ----------------------------
DROP TABLE IF EXISTS `cart_item`;
CREATE TABLE `cart_item` (
  `item_id` varchar(32) NOT NULL COMMENT '购物车项id',
  `cart_id` varchar(32) DEFAULT NULL COMMENT '购物车商店分类',
  `user_id` bigint(20) NOT NULL COMMENT '用户id',
  `shop_id` bigint(20) DEFAULT NULL COMMENT '商铺id',
  `shop_name` varchar(64) DEFAULT NULL COMMENT '商铺名',
  `product_id` bigint(20) DEFAULT NULL COMMENT '商品id',
  `product_quantity` int(11) DEFAULT NULL COMMENT '商品数量',
  PRIMARY KEY (`item_id`)
) ENGINE=InnoDB DEFAULT CHARSET=utf8mb4;

-- ----------------------------
-- Records of cart_item
-- ----------------------------
INSERT INTO `cart_item` VALUES ('1517752334332105607', '1517650852377383358', '1', '1515567140661', '商店名称6', '1515575600631', '2');
INSERT INTO `cart_item` VALUES ('1517752692093232896', '1517752692137330957', '2', '1515567149563', '商店名称3', '1515575599578', '3');

-- ----------------------------
-- Table structure for cart_shop
-- ----------------------------
DROP TABLE IF EXISTS `cart_shop`;
CREATE TABLE `cart_shop` (
  `cart_id` varchar(32) DEFAULT NULL COMMENT 'id',
  `user_id` bigint(20) DEFAULT NULL,
  `shop_id` bigint(20) DEFAULT NULL COMMENT '商店id'
) ENGINE=InnoDB DEFAULT CHARSET=utf8mb4 COMMENT='购物车商店分类';

-- ----------------------------
-- Records of cart_shop
-- ----------------------------
INSERT INTO `cart_shop` VALUES ('1517650821322802455', '1', '1515567078469');
INSERT INTO `cart_shop` VALUES ('1517650852377383358', '1', '1515567140661');
INSERT INTO `cart_shop` VALUES ('1517650870325950400', '1', '1515567149563');
INSERT INTO `cart_shop` VALUES ('1517752692137330957', '2', '1515567149563');

-- ----------------------------
-- Table structure for data_dict
-- ----------------------------
DROP TABLE IF EXISTS `data_dict`;
CREATE TABLE `data_dict` (
  `dict_id` int(11) NOT NULL,
  `dict_key` int(11) DEFAULT NULL,
  `dict_value` int(11) DEFAULT NULL,
  PRIMARY KEY (`dict_id`)
) ENGINE=InnoDB DEFAULT CHARSET=utf8mb4;

-- ----------------------------
-- Records of data_dict
-- ----------------------------

-- ----------------------------
-- Table structure for group_info
-- ----------------------------
DROP TABLE IF EXISTS `group_info`;
CREATE TABLE `group_info` (
  `group_info_id` varchar(16) NOT NULL COMMENT '拼购信息id: yyyymmdd',
  `group_num` int(11) NOT NULL COMMENT '拼购限制人数',
  `group_date` date DEFAULT NULL COMMENT '对应的日期',
  PRIMARY KEY (`group_info_id`)
) ENGINE=InnoDB DEFAULT CHARSET=utf8mb4 COMMENT='拼购信息';

-- ----------------------------
-- Records of group_info
-- ----------------------------
INSERT INTO `group_info` VALUES ('19980909', '10', '1998-09-09');
INSERT INTO `group_info` VALUES ('20180110', '6', '2018-01-10');
INSERT INTO `group_info` VALUES ('20180111', '2', '2018-01-11');
INSERT INTO `group_info` VALUES ('20180112', '5', '2018-01-12');
INSERT INTO `group_info` VALUES ('20180113', '5', '2018-01-13');
INSERT INTO `group_info` VALUES ('20180120', '20', '2018-01-20');
INSERT INTO `group_info` VALUES ('20180121', '5', '2018-01-22');
INSERT INTO `group_info` VALUES ('20201010', '100', '2020-10-10');

-- ----------------------------
-- Table structure for group_member
-- ----------------------------
DROP TABLE IF EXISTS `group_member`;
CREATE TABLE `group_member` (
  `member_id` varchar(32) DEFAULT NULL COMMENT '组成员id',
  `group_id` varchar(32) DEFAULT NULL COMMENT '组id',
  `user_Id` bigint(20) DEFAULT NULL COMMENT '用户id',
  `user_name` varchar(30) DEFAULT NULL COMMENT '用户名',
  `user_head_path` varchar(100) DEFAULT NULL COMMENT '用户头像',
  `order_id` varchar(32) DEFAULT NULL COMMENT '订单id'
) ENGINE=InnoDB DEFAULT CHARSET=utf8mb4 COMMENT='组成员';

-- ----------------------------
-- Records of group_member
-- ----------------------------
INSERT INTO `group_member` VALUES ('1516522975203754565', '1516522975163999654', '1', 'aaa', 'head1.jpg', '1516409765791624065');
INSERT INTO `group_member` VALUES ('1516523924381563177', '1516522975163999654', '2', 'aaa', 'head2.jpg', '1516410337942251662');
INSERT INTO `group_member` VALUES ('1516524048003626494', '1516522975163999654', '3', 'ccc', 'head3.jpg', '1516410411340334846');
INSERT INTO `group_member` VALUES ('1516524200840876191', '1516522975163999654', '4', 'aaa', 'head4.jpg', '1516410428668237892');
INSERT INTO `group_member` VALUES ('1516524865547172642', '1516524865509895578', '1', 'aaa', 'head1.jpg', '1516409765791624065');
INSERT INTO `group_member` VALUES ('1516525250696553840', '1516525125256135108', '1', 'aaa', 'head1.jpg', '1516409765791624065');
INSERT INTO `group_member` VALUES ('1516525540812301319', '1516525266185358755', '1', 'aaa', 'head1.jpg', '1516409765791624065');
INSERT INTO `group_member` VALUES ('1516525596103836801', '1516525579859535525', '1', 'aaa', 'head1.jpg', '1516409765791624065');
INSERT INTO `group_member` VALUES ('1516526089763178020', '1516526089713836206', '1', 'aaa', 'head1.jpg', '1516409765791624065');
INSERT INTO `group_member` VALUES ('1516526812752284661', '1516526812708214989', '1', 'aaa', 'head1.jpg', '1516409765791624065');

-- ----------------------------
-- Table structure for group_product
-- ----------------------------
DROP TABLE IF EXISTS `group_product`;
CREATE TABLE `group_product` (
  `product_id` bigint(20) NOT NULL,
  `product_name` varchar(64) DEFAULT NULL,
  `product_oprice` decimal(10,2) DEFAULT NULL,
  `product_nprice` decimal(10,2) DEFAULT NULL,
  `product_stock` int(11) DEFAULT NULL,
  `product_unit` varchar(64) DEFAULT NULL,
  `product_desc` varchar(256) DEFAULT NULL,
  `send_price` decimal(10,2) DEFAULT NULL,
  `category_id` bigint(20) DEFAULT NULL,
  `seller_id` bigint(20) DEFAULT NULL,
  PRIMARY KEY (`product_id`)
) ENGINE=InnoDB DEFAULT CHARSET=utf8mb4;

-- ----------------------------
-- Records of group_product
-- ----------------------------
INSERT INTO `group_product` VALUES ('25473687528098376', '商品名称6', '6.50', '6.00', '2', '6商品单位', '商品描述6', '6.00', '1515557064589', null);
INSERT INTO `group_product` VALUES ('47279305344041794', '商品名称10', '10.50', '10.00', '10', '10商品单位', '商品描述10', '10.00', '1515557064589', null);
INSERT INTO `group_product` VALUES ('48673407043913879', '商品名称10', '10.50', '10.00', '10', '10商品单位', '商品描述10', '10.00', '1515557740606', null);
INSERT INTO `group_product` VALUES ('74627227357563760', '商品名称22', '22.50', '22.00', '22', '22商品单位', '商品描述22', '22.00', '1515557723921', null);
INSERT INTO `group_product` VALUES ('139842915329918024', '商品名称21', '21.50', '21.00', '21', '21商品单位', '商品描述21', '21.00', '1515557684767', null);
INSERT INTO `group_product` VALUES ('151471919923023390', '商品名称4', '4.50', '4.00', '4', '4商品单位', '商品描述4', '4.00', '1515557489486', null);
INSERT INTO `group_product` VALUES ('190544316423948386', '商品名称16', '16.50', '16.00', '16', '16商品单位', '商品描述16', '16.00', '1515557258011', null);
INSERT INTO `group_product` VALUES ('293591630214219923', '商品名称8', '8.50', '8.00', '5', '8商品单位', '商品描述8', '8.00', '1515557740606', null);
INSERT INTO `group_product` VALUES ('296852422888279766', '商品名称21', '21.50', '21.00', '19', '21商品单位', '商品描述21', '21.00', '1515557309728', null);
INSERT INTO `group_product` VALUES ('452856141668172957', '商品名称14', '14.50', '14.00', '14', '14商品单位', '商品描述14', '14.00', '1515557723921', null);
INSERT INTO `group_product` VALUES ('525158247574882085', '商品名称26', '26.50', '26.00', '26', '26商品单位', '商品描述26', '26.00', '1515557684767', null);
INSERT INTO `group_product` VALUES ('525875901222634849', '商品名称17', '17.50', '17.00', '17', '17商品单位', '商品描述17', '17.00', '1515557064589', null);
INSERT INTO `group_product` VALUES ('532411074837497705', '商品名称10', '10.50', '10.00', '10', '10商品单位', '商品描述10', '10.00', '1515557723921', null);
INSERT INTO `group_product` VALUES ('559200290927036810', '商品名称22', '22.50', '22.00', '22', '22商品单位', '商品描述22', '22.00', '1515557258011', null);
INSERT INTO `group_product` VALUES ('618278422818933327', '商品名称18', '18.50', '18.00', '18', '18商品单位', '商品描述18', '18.00', '1515557258011', null);
INSERT INTO `group_product` VALUES ('645012869931617910', '商品名称15', '15.50', '15.00', '15', '15商品单位', '商品描述15', '15.00', '1515557489486', null);
INSERT INTO `group_product` VALUES ('665512238062716631', '商品名称15', '15.50', '15.00', '15', '15商品单位', '商品描述15', '15.00', '1515557740606', null);
INSERT INTO `group_product` VALUES ('711628765302901244', '商品名称26', '26.50', '26.00', '26', '26商品单位', '商品描述26', '26.00', '1515557064589', null);
INSERT INTO `group_product` VALUES ('748833288244381119', '商品名称28', '28.50', '28.00', '28', '28商品单位', '商品描述28', '28.00', '1515557684767', null);
INSERT INTO `group_product` VALUES ('770975301003594672', '商品名称14', '14.50', '14.00', '14', '14商品单位', '商品描述14', '14.00', '1515557489486', null);
INSERT INTO `group_product` VALUES ('851023262363828784', '商品名称28', '28.50', '28.00', '28', '28商品单位', '商品描述28', '28.00', '1515557309728', null);
INSERT INTO `group_product` VALUES ('947098884499131631', '商品名称5', '5.50', '5.00', '5', '5商品单位', '商品描述5', '5.00', '1515557723921', null);
INSERT INTO `group_product` VALUES ('970435173817009438', '商品名称20', '20.50', '20.00', '20', '20商品单位', '商品描述20', '20.00', '1515557064589', null);
INSERT INTO `group_product` VALUES ('1006959010235565794', '商品名称8', '8.50', '8.00', '8', '8商品单位', '商品描述8', '8.00', '1515557684767', null);
INSERT INTO `group_product` VALUES ('1028754978296123390', '商品名称4', '4.50', '4.00', '4', '4商品单位', '商品描述4', '4.00', '1515557258011', null);
INSERT INTO `group_product` VALUES ('1118631150907117530', '商品名称3', '3.50', '3.00', '3', '3商品单位', '商品描述3', '3.00', '1515557740606', null);
INSERT INTO `group_product` VALUES ('1124773955091844789', '商品名称14', '14.50', '14.00', '14', '14商品单位', '商品描述14', '14.00', '1515557309728', null);
INSERT INTO `group_product` VALUES ('1133588678235802464', '商品名称16', '16.50', '16.00', '16', '16商品单位', '商品描述16', '16.00', '1515557489486', null);
INSERT INTO `group_product` VALUES ('1162734628899081042', '商品名称26', '26.50', '26.00', '26', '26商品单位', '商品描述26', '26.00', '1515557309728', null);
INSERT INTO `group_product` VALUES ('1211559588240245416', '商品名称16', '16.50', '16.00', '16', '16商品单位', '商品描述16', '16.00', '1515557954147', null);
INSERT INTO `group_product` VALUES ('1214356297664381059', '商品名称29', '29.50', '29.00', '29', '29商品单位', '商品描述29', '29.00', '1515557740606', null);
INSERT INTO `group_product` VALUES ('1283736589587598667', '商品名称24', '24.50', '24.00', '24', '24商品单位', '商品描述24', '24.00', '1515557954147', null);
INSERT INTO `group_product` VALUES ('1284425165198803582', '商品名称23', '23.50', '23.00', '23', '23商品单位', '商品描述23', '23.00', '1515557740606', null);
INSERT INTO `group_product` VALUES ('1298400941594986680', '商品名称25', '25.50', '25.00', '25', '25商品单位', '商品描述25', '25.00', '1515557489486', null);
INSERT INTO `group_product` VALUES ('1353141582394969989', '商品名称26', '26.50', '26.00', '26', '26商品单位', '商品描述26', '26.00', '1515557954147', null);
INSERT INTO `group_product` VALUES ('1356481457754098083', '商品名称27', '27.50', '27.00', '27', '27商品单位', '商品描述27', '27.00', '1515557684767', null);
INSERT INTO `group_product` VALUES ('1365424448578407833', '商品名称25', '25.50', '25.00', '25', '25商品单位', '商品描述25', '25.00', '1515557684767', null);
INSERT INTO `group_product` VALUES ('1365676718943719335', '商品名称25', '25.50', '25.00', '25', '25商品单位', '商品描述25', '25.00', '1515557723921', null);
INSERT INTO `group_product` VALUES ('1384293157225843243', '商品名称2', '2.50', '2.00', '2', '2商品单位', '商品描述2', '2.00', '1515557258011', null);
INSERT INTO `group_product` VALUES ('1480216422490456797', '商品名称9', '9.50', '9.00', '9', '9商品单位', '商品描述9', '9.00', '1515557954147', null);
INSERT INTO `group_product` VALUES ('1489935579951024141', '商品名称11', '11.50', '11.00', '11', '11商品单位', '商品描述11', '11.00', '1515557954147', null);
INSERT INTO `group_product` VALUES ('1521010782971642600', '商品名称23', '23.50', '23.00', '23', '23商品单位', '商品描述23', '23.00', '1515557309728', null);
INSERT INTO `group_product` VALUES ('1537351286964504028', '商品名称19', '19.50', '19.00', '19', '19商品单位', '商品描述19', '19.00', '1515557740606', null);
INSERT INTO `group_product` VALUES ('1574883052293475381', '商品名称7', '7.50', '7.00', '7', '7商品单位', '商品描述7', '7.00', '1515557258011', null);
INSERT INTO `group_product` VALUES ('1654835535386331310', '商品名称13', '13.50', '13.00', '13', '13商品单位', '商品描述13', '13.00', '1515557064589', null);
INSERT INTO `group_product` VALUES ('1693111001615518281', '商品名称19', '19.50', '19.00', '19', '19商品单位', '商品描述19', '19.00', '1515557684767', null);
INSERT INTO `group_product` VALUES ('1706181521981394825', '商品名称27', '27.50', '27.00', '27', '27商品单位', '商品描述27', '27.00', '1515557258011', null);
INSERT INTO `group_product` VALUES ('1731466228994099506', '商品名称17', '17.50', '17.00', '17', '17商品单位', '商品描述17', '17.00', '1515557954147', null);
INSERT INTO `group_product` VALUES ('1752527139071478618', '商品名称24', '24.50', '24.00', '24', '24商品单位', '商品描述24', '24.00', '1515557723921', null);
INSERT INTO `group_product` VALUES ('1760971160507534229', '商品名称13', '13.50', '13.00', '13', '13商品单位', '商品描述13', '13.00', '1515557489486', null);
INSERT INTO `group_product` VALUES ('1762480998884265326', '商品名称24', '24.50', '24.00', '24', '24商品单位', '商品描述24', '24.00', '1515557489486', null);
INSERT INTO `group_product` VALUES ('1764160889292670812', '商品名称5', '5.50', '5.00', '5', '5商品单位', '商品描述5', '5.00', '1515557064589', null);
INSERT INTO `group_product` VALUES ('1858969771714692415', '商品名称28', '28.50', '28.00', '28', '28商品单位', '商品描述28', '28.00', '1515557740606', null);
INSERT INTO `group_product` VALUES ('1902176232579350597', '商品名称24', '24.50', '24.00', '24', '24商品单位', '商品描述24', '24.00', '1515557309728', null);
INSERT INTO `group_product` VALUES ('1945735696656517988', '商品名称6', '6.50', '6.00', '6', '6商品单位', '商品描述6', '6.00', '1515557489486', null);
INSERT INTO `group_product` VALUES ('2053811901249964209', '商品名称11', '11.50', '11.00', '11', '11商品单位', '商品描述11', '11.00', '1515557684767', null);
INSERT INTO `group_product` VALUES ('2083077217131840094', '商品名称12', '12.50', '12.00', '12', '12商品单位', '商品描述12', '12.00', '1515557258011', null);
INSERT INTO `group_product` VALUES ('2106693171720634846', '商品名称5', '5.50', '5.00', '5', '5商品单位', '商品描述5', '5.00', '1515557309728', null);
INSERT INTO `group_product` VALUES ('2140267585539362364', '商品名称6', '6.50', '6.00', '6', '6商品单位', '商品描述6', '6.00', '1515557258011', null);
INSERT INTO `group_product` VALUES ('2243494776707501036', '商品名称21', '21.50', '21.00', '21', '21商品单位', '商品描述21', '21.00', '1515557740606', null);
INSERT INTO `group_product` VALUES ('2258348834263351556', '商品名称16', '16.50', '16.00', '16', '16商品单位', '商品描述16', '16.00', '1515557684767', null);
INSERT INTO `group_product` VALUES ('2262179224495211968', '商品名称14', '14.50', '14.00', '14', '14商品单位', '商品描述14', '14.00', '1515557740606', null);
INSERT INTO `group_product` VALUES ('2320156551820951705', '商品名称11', '11.50', '11.00', '11', '11商品单位', '商品描述11', '11.00', '1515557064589', null);
INSERT INTO `group_product` VALUES ('2348115768872354195', '商品名称11', '11.50', '11.00', '11', '11商品单位', '商品描述11', '11.00', '1515557489486', null);
INSERT INTO `group_product` VALUES ('2358945342474833813', '商品名称19', '19.50', '19.00', '19', '19商品单位', '商品描述19', '19.00', '1515557309728', null);
INSERT INTO `group_product` VALUES ('2361385436519026588', '商品名称3', '3.50', '3.00', '3', '3商品单位', '商品描述3', '3.00', '1515557258011', null);
INSERT INTO `group_product` VALUES ('2385019027393038040', '商品名称1', '1.50', '1.00', '1', '1商品单位', '商品描述1', '1.00', '1515557684767', null);
INSERT INTO `group_product` VALUES ('2457979027898059697', '商品名称5', '5.50', '5.00', '5', '5商品单位', '商品描述5', '5.00', '1515557684767', null);
INSERT INTO `group_product` VALUES ('2463615561297317592', '商品名称2', '2.50', '2.00', '2', '2商品单位', '商品描述2', '2.00', '1515557740606', null);
INSERT INTO `group_product` VALUES ('2496304930692416766', '商品名称20', '20.50', '20.00', '20', '20商品单位', '商品描述20', '20.00', '1515557489486', null);
INSERT INTO `group_product` VALUES ('2539132605516039148', '商品名称4', '4.50', '4.00', '4', '4商品单位', '商品描述4', '4.00', '1515557723921', null);
INSERT INTO `group_product` VALUES ('2562113916415461157', '商品名称2', '2.50', '2.00', '2', '2商品单位', '商品描述2', '2.00', '1515557309728', null);
INSERT INTO `group_product` VALUES ('2565525699775775703', '商品名称7', '7.50', '7.00', '7', '7商品单位', '商品描述7', '7.00', '1515557684767', null);
INSERT INTO `group_product` VALUES ('2602088694766587189', '商品名称17', '17.50', '17.00', '17', '17商品单位', '商品描述17', '17.00', '1515557489486', null);
INSERT INTO `group_product` VALUES ('2736264647592726365', '商品名称20', '20.50', '20.00', '20', '20商品单位', '商品描述20', '20.00', '1515557740606', null);
INSERT INTO `group_product` VALUES ('2861273067415227784', '商品名称10', '10.50', '10.00', '10', '10商品单位', '商品描述10', '10.00', '1515557489486', null);
INSERT INTO `group_product` VALUES ('2881273644189896412', '商品名称4', '4.50', '4.00', '4', '4商品单位', '商品描述4', '4.00', '1515557064589', null);
INSERT INTO `group_product` VALUES ('2896112417048773889', '商品名称16', '16.50', '16.00', '16', '16商品单位', '商品描述16', '16.00', '1515557309728', null);
INSERT INTO `group_product` VALUES ('2907108248627466102', '商品名称10', '10.50', '10.00', '10', '10商品单位', '商品描述10', '10.00', '1515557309728', null);
INSERT INTO `group_product` VALUES ('2928983327697162011', '商品名称1', '1.50', '1.00', '1', '1商品单位', '商品描述1', '1.00', '1515557723921', null);
INSERT INTO `group_product` VALUES ('2949628878517914923', '商品名称23', '23.50', '23.00', '23', '23商品单位', '商品描述23', '23.00', '1515557723921', null);
INSERT INTO `group_product` VALUES ('2977345790124771590', '商品名称8', '8.50', '8.00', '8', '8商品单位', '商品描述8', '8.00', '1515557954147', null);
INSERT INTO `group_product` VALUES ('3019102415703461629', '商品名称11', '11.50', '11.00', '11', '11商品单位', '商品描述11', '11.00', '1515557258011', null);
INSERT INTO `group_product` VALUES ('3127486008766448312', '商品名称19', '19.50', '19.00', '19', '19商品单位', '商品描述19', '19.00', '1515557064589', null);
INSERT INTO `group_product` VALUES ('3131655901811263511', '商品名称17', '17.50', '17.00', '17', '17商品单位', '商品描述17', '17.00', '1515557258011', null);
INSERT INTO `group_product` VALUES ('3159096894954555524', '商品名称18', '18.50', '18.00', '18', '18商品单位', '商品描述18', '18.00', '1515557740606', null);
INSERT INTO `group_product` VALUES ('3206085047341109175', '商品名称12', '12.50', '12.00', '12', '12商品单位', '商品描述12', '12.00', '1515557723921', null);
INSERT INTO `group_product` VALUES ('3279627321624842213', '商品名称7', '7.50', '7.00', '7', '7商品单位', '商品描述7', '7.00', '1515557064589', null);
INSERT INTO `group_product` VALUES ('3284204203650271274', '商品名称22', '22.50', '22.00', '22', '22商品单位', '商品描述22', '22.00', '1515557309728', null);
INSERT INTO `group_product` VALUES ('3321147052063345668', '商品名称22', '22.50', '22.00', '22', '22商品单位', '商品描述22', '22.00', '1515557489486', null);
INSERT INTO `group_product` VALUES ('3345993908021053995', '商品名称27', '27.50', '27.00', '27', '27商品单位', '商品描述27', '27.00', '1515557064589', null);
INSERT INTO `group_product` VALUES ('3346717673698772530', '商品名称21', '21.50', '21.00', '21', '21商品单位', '商品描述21', '21.00', '1515557064589', null);
INSERT INTO `group_product` VALUES ('3393774781854270522', '商品名称19', '19.50', '19.00', '19', '19商品单位', '商品描述19', '19.00', '1515557954147', null);
INSERT INTO `group_product` VALUES ('3430344520097943486', '商品名称12', '12.50', '12.00', '12', '12商品单位', '商品描述12', '12.00', '1515557309728', null);
INSERT INTO `group_product` VALUES ('3464831911179928882', '商品名称21', '21.50', '21.00', '21', '21商品单位', '商品描述21', '21.00', '1515557723921', null);
INSERT INTO `group_product` VALUES ('3498777733878007486', '商品名称16', '16.50', '16.00', '16', '16商品单位', '商品描述16', '16.00', '1515557723921', null);
INSERT INTO `group_product` VALUES ('3578153534265378685', '商品名称9', '9.50', '9.00', '9', '9商品单位', '商品描述9', '9.00', '1515557684767', null);
INSERT INTO `group_product` VALUES ('3654788307093047588', '商品名称22', '22.50', '22.00', '22', '22商品单位', '商品描述22', '22.00', '1515557684767', null);
INSERT INTO `group_product` VALUES ('3681857941041005849', '商品名称22', '22.50', '22.00', '22', '22商品单位', '商品描述22', '22.00', '1515557954147', null);
INSERT INTO `group_product` VALUES ('3859620070493343637', '商品名称25', '25.50', '25.00', '25', '25商品单位', '商品描述25', '25.00', '1515557064589', null);
INSERT INTO `group_product` VALUES ('3944410565746706860', '商品名称28', '28.50', '28.00', '28', '28商品单位', '商品描述28', '28.00', '1515557258011', null);
INSERT INTO `group_product` VALUES ('3957256403517259852', '商品名称27', '27.50', '27.00', '27', '27商品单位', '商品描述27', '27.00', '1515557723921', null);
INSERT INTO `group_product` VALUES ('4012342161910090353', '商品名称21', '21.50', '21.00', '21', '21商品单位', '商品描述21', '21.00', '1515557489486', null);
INSERT INTO `group_product` VALUES ('4026903249553737809', '商品名称23', '23.50', '23.00', '23', '23商品单位', '商品描述23', '23.00', '1515557258011', null);
INSERT INTO `group_product` VALUES ('4035376275100880114', '商品名称17', '17.50', '17.00', '17', '17商品单位', '商品描述17', '17.00', '1515557723921', null);
INSERT INTO `group_product` VALUES ('4145286244829318270', '商品名称4', '4.50', '4.00', '4', '4商品单位', '商品描述4', '4.00', '1515557740606', null);
INSERT INTO `group_product` VALUES ('4178613433049763283', '商品名称27', '27.50', '27.00', '27', '27商品单位', '商品描述27', '27.00', '1515557309728', null);
INSERT INTO `group_product` VALUES ('4191341415954336098', '商品名称13', '13.50', '13.00', '13', '13商品单位', '商品描述13', '13.00', '1515557684767', null);
INSERT INTO `group_product` VALUES ('4283495436022664467', '商品名称6', '6.50', '6.00', '6', '6商品单位', '商品描述6', '6.00', '1515557954147', null);
INSERT INTO `group_product` VALUES ('4308214456703337067', '商品名称27', '27.50', '27.00', '27', '27商品单位', '商品描述27', '27.00', '1515557489486', null);
INSERT INTO `group_product` VALUES ('4330434586733136193', '商品名称24', '24.50', '24.00', '24', '24商品单位', '商品描述24', '24.00', '1515557064589', null);
INSERT INTO `group_product` VALUES ('4334537685425471668', '商品名称3', '3.50', '3.00', '3', '3商品单位', '商品描述3', '3.00', '1515557723921', null);
INSERT INTO `group_product` VALUES ('4349212174437531752', '商品名称23', '23.50', '23.00', '23', '23商品单位', '商品描述23', '23.00', '1515557954147', null);
INSERT INTO `group_product` VALUES ('4422484308396820523', '商品名称2', '2.50', '2.00', '2', '2商品单位', '商品描述2', '2.00', '1515557064589', null);
INSERT INTO `group_product` VALUES ('4584047262044539004', '商品名称1', '1.50', '1.00', '1', '1商品单位', '商品描述1', '1.00', '1515557740606', null);
INSERT INTO `group_product` VALUES ('4601450826659938930', '商品名称30', '30.50', '30.00', '30', '30商品单位', '商品描述30', '30.00', '1515557309728', null);
INSERT INTO `group_product` VALUES ('4607178525053895532', '商品名称12', '12.50', '12.00', '12', '12商品单位', '商品描述12', '12.00', '1515557064589', null);
INSERT INTO `group_product` VALUES ('4608108048793224527', '商品名称4', '4.50', '4.00', '4', '4商品单位', '商品描述4', '4.00', '1515557954147', null);
INSERT INTO `group_product` VALUES ('4646304063648580294', '商品名称30', '30.50', '30.00', '30', '30商品单位', '商品描述30', '30.00', '1515557258011', null);
INSERT INTO `group_product` VALUES ('4758807190222555883', '商品名称17', '17.50', '17.00', '17', '17商品单位', '商品描述17', '17.00', '1515557309728', null);
INSERT INTO `group_product` VALUES ('4826615407982235552', '商品名称1', '1.50', '1.00', '1', '1商品单位', '商品描述1', '1.00', '1515557489486', null);
INSERT INTO `group_product` VALUES ('4910863952208742348', '商品名称11', '11.50', '11.00', '11', '11商品单位', '商品描述11', '11.00', '1515557740606', null);
INSERT INTO `group_product` VALUES ('4934035531235280517', '商品名称13', '13.50', '13.00', '13', '13商品单位', '商品描述13', '13.00', '1515557723921', null);
INSERT INTO `group_product` VALUES ('4990678136519213677', '商品名称25', '25.50', '25.00', '25', '25商品单位', '商品描述25', '25.00', '1515557954147', null);
INSERT INTO `group_product` VALUES ('5058445686623387858', '商品名称9', '9.50', '9.00', '9', '9商品单位', '商品描述9', '9.00', '1515557489486', null);
INSERT INTO `group_product` VALUES ('5061724870740428915', '商品名称25', '25.50', '25.00', '25', '25商品单位', '商品描述25', '25.00', '1515557309728', null);
INSERT INTO `group_product` VALUES ('5121875836691564763', '商品名称14', '14.50', '14.00', '14', '14商品单位', '商品描述14', '14.00', '1515557258011', null);
INSERT INTO `group_product` VALUES ('5287850517527284530', '商品名称26', '26.50', '26.00', '26', '26商品单位', '商品描述26', '26.00', '1515557740606', null);
INSERT INTO `group_product` VALUES ('5295968510469293276', '商品名称9', '9.50', '9.00', '9', '9商品单位', '商品描述9', '9.00', '1515557309728', null);
INSERT INTO `group_product` VALUES ('5327242502149915258', '商品名称18', '18.50', '18.00', '18', '18商品单位', '商品描述18', '18.00', '1515557684767', null);
INSERT INTO `group_product` VALUES ('5420263643127824419', '商品名称30', '30.50', '30.00', '30', '30商品单位', '商品描述30', '30.00', '1515557684767', null);
INSERT INTO `group_product` VALUES ('5453327021636997106', '商品名称9', '9.50', '9.00', '9', '9商品单位', '商品描述9', '9.00', '1515557258011', null);
INSERT INTO `group_product` VALUES ('5483051172939253487', '商品名称18', '18.50', '18.00', '18', '18商品单位', '商品描述18', '18.00', '1515557064589', null);
INSERT INTO `group_product` VALUES ('5492089564330938201', '商品名称10', '10.50', '10.00', '10', '10商品单位', '商品描述10', '10.00', '1515557954147', null);
INSERT INTO `group_product` VALUES ('5525151734036186034', '商品名称8', '8.50', '8.00', '8', '8商品单位', '商品描述8', '8.00', '1515557309728', null);
INSERT INTO `group_product` VALUES ('5569753457727982968', '商品名称17', '17.50', '17.00', '17', '17商品单位', '商品描述17', '17.00', '1515557684767', null);
INSERT INTO `group_product` VALUES ('5575462406591496631', '商品名称8', '8.50', '8.00', '8', '8商品单位', '商品描述8', '8.00', '1515557723921', null);
INSERT INTO `group_product` VALUES ('5678678860185357185', '商品名称4', '4.50', '4.00', '4', '4商品单位', '商品描述4', '4.00', '1515557684767', null);
INSERT INTO `group_product` VALUES ('5686161509762417549', '商品名称29', '29.50', '29.00', '29', '29商品单位', '商品描述29', '29.00', '1515557258011', null);
INSERT INTO `group_product` VALUES ('5707619549216591193', '商品名称29', '29.50', '29.00', '29', '29商品单位', '商品描述29', '29.00', '1515557954147', null);
INSERT INTO `group_product` VALUES ('5713995795637751687', '商品名称15', '15.50', '15.00', '15', '15商品单位', '商品描述15', '15.00', '1515557684767', null);
INSERT INTO `group_product` VALUES ('5731092347669725619', '商品名称19', '19.50', '19.00', '19', '19商品单位', '商品描述19', '19.00', '1515557723921', null);
INSERT INTO `group_product` VALUES ('5737630330445579582', '商品名称14', '14.50', '14.00', '14', '14商品单位', '商品描述14', '14.00', '1515557954147', null);
INSERT INTO `group_product` VALUES ('5769581078345106391', '商品名称6', '6.50', '6.00', '6', '6商品单位', '商品描述6', '6.00', '1515557309728', null);
INSERT INTO `group_product` VALUES ('5793707198779246560', '商品名称4', '4.50', '4.00', '4', '4商品单位', '商品描述4', '4.00', '1515557309728', null);
INSERT INTO `group_product` VALUES ('5801813169641967441', '商品名称11', '11.50', '11.00', '11', '11商品单位', '商品描述11', '11.00', '1515557309728', null);
INSERT INTO `group_product` VALUES ('5823016205411503039', '商品名称18', '18.50', '18.00', '18', '18商品单位', '商品描述18', '18.00', '1515557309728', null);
INSERT INTO `group_product` VALUES ('5872691970788311219', '商品名称8', '8.50', '8.00', '8', '8商品单位', '商品描述8', '8.00', '1515557064589', null);
INSERT INTO `group_product` VALUES ('5875838303048257452', '商品名称20', '20.50', '20.00', '20', '20商品单位', '商品描述20', '20.00', '1515557954147', null);
INSERT INTO `group_product` VALUES ('5954576757905377825', '商品名称26', '26.50', '26.00', '26', '26商品单位', '商品描述26', '26.00', '1515557489486', null);
INSERT INTO `group_product` VALUES ('6046259853539361443', '商品名称29', '29.50', '29.00', '29', '29商品单位', '商品描述29', '29.00', '1515557309728', null);
INSERT INTO `group_product` VALUES ('6052411984105457578', '商品名称5', '5.50', '5.00', '5', '5商品单位', '商品描述5', '5.00', '1515557954147', null);
INSERT INTO `group_product` VALUES ('6100683839062427316', '商品名称9', '9.50', '9.00', '9', '9商品单位', '商品描述9', '9.00', '1515557740606', null);
INSERT INTO `group_product` VALUES ('6147031815801097590', '商品名称6', '6.50', '6.00', '6', '6商品单位', '商品描述6', '6.00', '1515557740606', null);
INSERT INTO `group_product` VALUES ('6148304345551225406', '商品名称3', '3.50', '3.00', '3', '3商品单位', '商品描述3', '3.00', '1515557064589', null);
INSERT INTO `group_product` VALUES ('6169008921242912513', '商品名称12', '12.50', '12.00', '12', '12商品单位', '商品描述12', '12.00', '1515557740606', null);
INSERT INTO `group_product` VALUES ('6175126163616844383', '商品名称23', '23.50', '23.00', '23', '23商品单位', '商品描述23', '23.00', '1515557489486', null);
INSERT INTO `group_product` VALUES ('6213817569267303382', '商品名称2', '2.50', '2.00', '2', '2商品单位', '商品描述2', '2.00', '1515557489486', null);
INSERT INTO `group_product` VALUES ('6250158992779661146', '商品名称1', '1.50', '1.00', '1', '1商品单位', '商品描述1', '1.00', '1515557309728', null);
INSERT INTO `group_product` VALUES ('6302339382304065126', '商品名称3', '3.50', '3.00', '3', '3商品单位', '商品描述3', '3.00', '1515557954147', null);
INSERT INTO `group_product` VALUES ('6308046216720108772', '商品名称27', '27.50', '27.00', '27', '27商品单位', '商品描述27', '27.00', '1515557954147', null);
INSERT INTO `group_product` VALUES ('6390642300990343604', '商品名称27', '27.50', '27.00', '27', '27商品单位', '商品描述27', '27.00', '1515557740606', null);
INSERT INTO `group_product` VALUES ('6407805804374540950', '商品名称5', '5.50', '5.00', '5', '5商品单位', '商品描述5', '5.00', '1515557258011', null);
INSERT INTO `group_product` VALUES ('6422024182519713407', '商品名称20', '20.50', '20.00', '20', '20商品单位', '商品描述20', '20.00', '1515557309728', null);
INSERT INTO `group_product` VALUES ('6458872600266883469', '商品名称26', '26.50', '26.00', '26', '26商品单位', '商品描述26', '26.00', '1515557723921', null);
INSERT INTO `group_product` VALUES ('6469934093609092761', '商品名称26', '26.50', '26.00', '26', '26商品单位', '商品描述26', '26.00', '1515557258011', null);
INSERT INTO `group_product` VALUES ('6507923761651927329', '商品名称30', '30.50', '30.00', '30', '30商品单位', '商品描述30', '30.00', '1515557740606', null);
INSERT INTO `group_product` VALUES ('6510107466395372802', '商品名称1', '1.50', '1.00', '1', '1商品单位', '商品描述1', '1.00', '1515557954147', null);
INSERT INTO `group_product` VALUES ('6522838060267556168', '商品名称28', '28.50', '28.00', '28', '28商品单位', '商品描述28', '28.00', '1515557723921', null);
INSERT INTO `group_product` VALUES ('6546633179317485848', '商品名称25', '25.50', '25.00', '25', '25商品单位', '商品描述25', '25.00', '1515557740606', null);
INSERT INTO `group_product` VALUES ('6563075917015238908', '商品名称21', '21.50', '21.00', '21', '21商品单位', '商品描述21', '21.00', '1515557258011', null);
INSERT INTO `group_product` VALUES ('6612650212441933249', '商品名称15', '15.50', '15.00', '15', '15商品单位', '商品描述15', '15.00', '1515557064589', null);
INSERT INTO `group_product` VALUES ('6620697255874480478', '商品名称18', '18.50', '18.00', '18', '18商品单位', '商品描述18', '18.00', '1515557489486', null);
INSERT INTO `group_product` VALUES ('6659147127291593474', '商品名称14', '14.50', '14.00', '14', '14商品单位', '商品描述14', '14.00', '1515557064589', null);
INSERT INTO `group_product` VALUES ('6674298032862545302', '商品名称6', '6.50', '6.00', '6', '6商品单位', '商品描述6', '6.00', '1515557723921', null);
INSERT INTO `group_product` VALUES ('6691837822773773720', '商品名称30', '30.50', '30.00', '30', '30商品单位', '商品描述30', '30.00', '1515557723921', null);
INSERT INTO `group_product` VALUES ('6706367710906699320', '商品名称13', '13.50', '13.00', '13', '13商品单位', '商品描述13', '13.00', '1515557740606', null);
INSERT INTO `group_product` VALUES ('6708013177775736950', '商品名称30', '30.50', '30.00', '30', '30商品单位', '商品描述30', '30.00', '1515557489486', null);
INSERT INTO `group_product` VALUES ('6723058552660838282', '商品名称16', '16.50', '16.00', '16', '16商品单位', '商品描述16', '16.00', '1515557064589', null);
INSERT INTO `group_product` VALUES ('6786490015694800720', '商品名称29', '29.50', '29.00', '29', '29商品单位', '商品描述29', '29.00', '1515557723921', null);
INSERT INTO `group_product` VALUES ('6818337855662277122', '商品名称15', '15.50', '15.00', '15', '15商品单位', '商品描述15', '15.00', '1515557954147', null);
INSERT INTO `group_product` VALUES ('6881034529716063698', '商品名称12', '12.50', '12.00', '12', '12商品单位', '商品描述12', '12.00', '1515557954147', null);
INSERT INTO `group_product` VALUES ('6911006500178119701', '商品名称3', '3.50', '3.00', '3', '3商品单位', '商品描述3', '3.00', '1515557684767', null);
INSERT INTO `group_product` VALUES ('6914000838547620304', '商品名称29', '29.50', '29.00', '29', '29商品单位', '商品描述29', '29.00', '1515557064589', null);
INSERT INTO `group_product` VALUES ('6938239944368406557', '商品名称17', '17.50', '17.00', '17', '17商品单位', '商品描述17', '17.00', '1515557740606', null);
INSERT INTO `group_product` VALUES ('7016698108749760946', '商品名称8', '8.50', '8.00', '8', '8商品单位', '商品描述8', '8.00', '1515557489486', null);
INSERT INTO `group_product` VALUES ('7027453571699196706', '商品名称21', '21.50', '21.00', '21', '21商品单位', '商品描述21', '21.00', '1515557954147', null);
INSERT INTO `group_product` VALUES ('7043031161407752137', '商品名称24', '24.50', '24.00', '24', '24商品单位', '商品描述24', '24.00', '1515557684767', null);
INSERT INTO `group_product` VALUES ('7077426046132898673', '商品名称5', '5.50', '5.00', '5', '5商品单位', '商品描述5', '5.00', '1515557489486', null);
INSERT INTO `group_product` VALUES ('7132692872377290270', '商品名称30', '30.50', '30.00', '30', '30商品单位', '商品描述30', '30.00', '1515557954147', null);
INSERT INTO `group_product` VALUES ('7140036136168279186', '商品名称9', '9.50', '9.00', '9', '9商品单位', '商品描述9', '9.00', '1515557723921', null);
INSERT INTO `group_product` VALUES ('7182105300071040465', '商品名称7', '7.50', '7.00', '7', '7商品单位', '商品描述7', '7.00', '1515557309728', null);
INSERT INTO `group_product` VALUES ('7262904491115105799', '商品名称2', '2.50', '2.00', '2', '2商品单位', '商品描述2', '2.00', '1515557684767', null);
INSERT INTO `group_product` VALUES ('7398721942326103140', '商品名称19', '19.50', '19.00', '19', '19商品单位', '商品描述19', '19.00', '1515557489486', null);
INSERT INTO `group_product` VALUES ('7412029277879879169', '商品名称3', '3.50', '3.00', '3', '3商品单位', '商品描述3', '3.00', '1515557309728', null);
INSERT INTO `group_product` VALUES ('7484356208220652232', '商品名称7', '7.50', '7.00', '7', '7商品单位', '商品描述7', '7.00', '1515557489486', null);
INSERT INTO `group_product` VALUES ('7512764789673052616', '商品名称1', '1.50', '1.00', '1', '1商品单位', '商品描述1', '1.00', '1515557258011', null);
INSERT INTO `group_product` VALUES ('7517581151985027444', '商品名称2', '2.50', '2.00', '2', '2商品单位', '商品描述2', '2.00', '1515557954147', null);
INSERT INTO `group_product` VALUES ('7548644178356816777', '商品名称12', '12.50', '12.00', '12', '12商品单位', '商品描述12', '12.00', '1515557684767', null);
INSERT INTO `group_product` VALUES ('7548865259464180395', '商品名称22', '22.50', '22.00', '22', '22商品单位', '商品描述22', '22.00', '1515557740606', null);
INSERT INTO `group_product` VALUES ('7562175231939396128', '商品名称9', '9.50', '9.00', '9', '9商品单位', '商品描述9', '9.00', '1515557064589', null);
INSERT INTO `group_product` VALUES ('7615527789338447063', '商品名称13', '13.50', '13.00', '13', '13商品单位', '商品描述13', '13.00', '1515557309728', null);
INSERT INTO `group_product` VALUES ('7656111602431902652', '商品名称15', '15.50', '15.00', '15', '15商品单位', '商品描述15', '15.00', '1515557309728', null);
INSERT INTO `group_product` VALUES ('7707700600917348297', '商品名称29', '29.50', '29.00', '29', '29商品单位', '商品描述29', '29.00', '1515557684767', null);
INSERT INTO `group_product` VALUES ('7766036903787580677', '商品名称28', '28.50', '28.00', '28', '28商品单位', '商品描述28', '28.00', '1515557954147', null);
INSERT INTO `group_product` VALUES ('7778241446643385719', '商品名称6', '6.50', '6.00', '6', '6商品单位', '商品描述6', '6.00', '1515557684767', null);
INSERT INTO `group_product` VALUES ('7822602860965545420', '商品名称24', '24.50', '24.00', '24', '24商品单位', '商品描述24', '24.00', '1515557258011', null);
INSERT INTO `group_product` VALUES ('7836733670672190835', '商品名称29', '29.50', '29.00', '29', '29商品单位', '商品描述29', '29.00', '1515557489486', null);
INSERT INTO `group_product` VALUES ('7912452216261658492', '商品名称13', '13.50', '13.00', '13', '13商品单位', '商品描述13', '13.00', '1515557954147', null);
INSERT INTO `group_product` VALUES ('7914199739652786444', '商品名称1', '1.50', '1.00', '1', '1商品单位', '商品描述1', '1.00', '1515557064589', null);
INSERT INTO `group_product` VALUES ('7949654268571504423', '商品名称20', '20.50', '20.00', '20', '20商品单位', '商品描述20', '20.00', '1515557258011', null);
INSERT INTO `group_product` VALUES ('8052894188800918144', '商品名称10', '10.50', '10.00', '10', '10商品单位', '商品描述10', '10.00', '1515557258011', null);
INSERT INTO `group_product` VALUES ('8085394679562389440', '商品名称28', '28.50', '28.00', '28', '28商品单位', '商品描述28', '28.00', '1515557489486', null);
INSERT INTO `group_product` VALUES ('8085803747375728778', '商品名称30', '30.50', '30.00', '30', '30商品单位', '商品描述30', '30.00', '1515557064589', null);
INSERT INTO `group_product` VALUES ('8098012115668782183', '商品名称18', '18.50', '18.00', '18', '18商品单位', '商品描述18', '18.00', '1515557954147', null);
INSERT INTO `group_product` VALUES ('8100887082901193753', '商品名称28', '28.50', '28.00', '28', '28商品单位', '商品描述28', '28.00', '1515557064589', null);
INSERT INTO `group_product` VALUES ('8101871162846563655', '商品名称23', '23.50', '23.00', '23', '23商品单位', '商品描述23', '23.00', '1515557684767', null);
INSERT INTO `group_product` VALUES ('8123709980051785698', '商品名称10', '10.50', '10.00', '10', '10商品单位', '商品描述10', '10.00', '1515557684767', null);
INSERT INTO `group_product` VALUES ('8177234823984989296', '商品名称3', '3.50', '3.00', '3', '3商品单位', '商品描述3', '3.00', '1515557489486', null);
INSERT INTO `group_product` VALUES ('8219306310606995550', '商品名称15', '15.50', '15.00', '15', '15商品单位', '商品描述15', '15.00', '1515557258011', null);
INSERT INTO `group_product` VALUES ('8252430191157661335', '商品名称2', '2.50', '2.00', '2', '2商品单位', '商品描述2', '2.00', '1515557723921', null);
INSERT INTO `group_product` VALUES ('8289814892218631725', '商品名称7', '7.50', '7.00', '7', '7商品单位', '商品描述7', '7.00', '1515557740606', null);
INSERT INTO `group_product` VALUES ('8357722820800499170', '商品名称15', '15.50', '15.00', '15', '15商品单位', '商品描述15', '15.00', '1515557723921', null);
INSERT INTO `group_product` VALUES ('8363924495108753987', '商品名称7', '7.50', '7.00', '7', '7商品单位', '商品描述7', '7.00', '1515557723921', null);
INSERT INTO `group_product` VALUES ('8488080233466446712', '商品名称5', '5.50', '5.00', '5', '5商品单位', '商品描述5', '5.00', '1515557740606', null);
INSERT INTO `group_product` VALUES ('8500700746182313258', '商品名称7', '7.50', '7.00', '7', '7商品单位', '商品描述7', '7.00', '1515557954147', null);
INSERT INTO `group_product` VALUES ('8526242512603991263', '商品名称24', '24.50', '24.00', '24', '24商品单位', '商品描述24', '24.00', '1515557740606', null);
INSERT INTO `group_product` VALUES ('8547367703392503393', '商品名称12', '12.50', '12.00', '12', '12商品单位', '商品描述12', '12.00', '1515557489486', null);
INSERT INTO `group_product` VALUES ('8737308666093587387', '商品名称20', '20.50', '20.00', '20', '20商品单位', '商品描述20', '20.00', '1515557684767', null);
INSERT INTO `group_product` VALUES ('8799555816903426786', '商品名称20', '20.50', '20.00', '20', '20商品单位', '商品描述20', '20.00', '1515557723921', null);
INSERT INTO `group_product` VALUES ('8821380235295935789', '商品名称8', '8.50', '8.00', '8', '8商品单位', '商品描述8', '8.00', '1515557258011', null);
INSERT INTO `group_product` VALUES ('8899938201999592171', '商品名称23', '23.50', '23.00', '23', '23商品单位', '商品描述23', '23.00', '1515557064589', null);
INSERT INTO `group_product` VALUES ('8957616209626811753', '商品名称13', '13.50', '13.00', '13', '13商品单位', '商品描述13', '13.00', '1515557258011', null);
INSERT INTO `group_product` VALUES ('9012641042821697391', '商品名称14', '14.50', '14.00', '14', '14商品单位', '商品描述14', '14.00', '1515557684767', null);
INSERT INTO `group_product` VALUES ('9030676423459815626', '商品名称16', '16.50', '16.00', '16', '16商品单位', '商品描述16', '16.00', '1515557740606', null);
INSERT INTO `group_product` VALUES ('9047743041629867506', '商品名称22', '22.50', '22.00', '22', '22商品单位', '商品描述22', '22.00', '1515557064589', null);
INSERT INTO `group_product` VALUES ('9087906104395776937', '商品名称25', '25.50', '25.00', '25', '25商品单位', '商品描述25', '25.00', '1515557258011', null);
INSERT INTO `group_product` VALUES ('9097788711071600253', '商品名称19', '19.50', '19.00', '19', '19商品单位', '商品描述19', '19.00', '1515557258011', null);
INSERT INTO `group_product` VALUES ('9155665787071186631', '商品名称11', '11.50', '11.00', '11', '11商品单位', '商品描述11', '11.00', '1515557723921', null);
INSERT INTO `group_product` VALUES ('9208493498643333219', '商品名称18', '18.50', '18.00', '18', '18商品单位', '商品描述18', '18.00', '1515557723921', null);

-- ----------------------------
-- Table structure for group_product_picture
-- ----------------------------
DROP TABLE IF EXISTS `group_product_picture`;
CREATE TABLE `group_product_picture` (
  `picture_id` bigint(20) NOT NULL,
  `picture_path` varchar(512) DEFAULT NULL,
  `product_id` bigint(20) DEFAULT NULL,
  PRIMARY KEY (`picture_id`)
) ENGINE=InnoDB DEFAULT CHARSET=utf8mb4;

-- ----------------------------
-- Records of group_product_picture
-- ----------------------------
INSERT INTO `group_product_picture` VALUES ('13092399175387130', 'p.png', '2881273644189896412');
INSERT INTO `group_product_picture` VALUES ('42900743083740851', 'p.png', '6147031815801097590');
INSERT INTO `group_product_picture` VALUES ('61757152961646103', 'p.png', '6708013177775736950');
INSERT INTO `group_product_picture` VALUES ('79139046741657397', 'p.png', '9012641042821697391');
INSERT INTO `group_product_picture` VALUES ('130718171521109489', 'p.png', '5525151734036186034');
INSERT INTO `group_product_picture` VALUES ('163883619360850866', 'p.png', '3957256403517259852');
INSERT INTO `group_product_picture` VALUES ('249463237154393835', 'p.png', '6691837822773773720');
INSERT INTO `group_product_picture` VALUES ('290046831864202089', 'p.png', '3159096894954555524');
INSERT INTO `group_product_picture` VALUES ('417678611811093625', 'p.png', '5823016205411503039');
INSERT INTO `group_product_picture` VALUES ('439426631546389749', 'p.png', '2457979027898059697');
INSERT INTO `group_product_picture` VALUES ('518751142351359830', 'p.png', '151471919923023390');
INSERT INTO `group_product_picture` VALUES ('569017541353424668', 'p.png', '6522838060267556168');
INSERT INTO `group_product_picture` VALUES ('591757238465153421', 'p.png', '1654835535386331310');
INSERT INTO `group_product_picture` VALUES ('645844093707371291', 'p.png', '7562175231939396128');
INSERT INTO `group_product_picture` VALUES ('675201877473970586', 'p.png', '7484356208220652232');
INSERT INTO `group_product_picture` VALUES ('754581354382575004', 'p.png', '7548644178356816777');
INSERT INTO `group_product_picture` VALUES ('819003787002006325', 'p.png', '25473687528098376');
INSERT INTO `group_product_picture` VALUES ('877387251432771500', 'p.png', '4608108048793224527');
INSERT INTO `group_product_picture` VALUES ('895511949995953467', 'p.png', '8547367703392503393');
INSERT INTO `group_product_picture` VALUES ('896982225683366081', 'p.png', '525158247574882085');
INSERT INTO `group_product_picture` VALUES ('995834493865315557', 'p.png', '2463615561297317592');
INSERT INTO `group_product_picture` VALUES ('996120004438410573', 'p.png', '6723058552660838282');
INSERT INTO `group_product_picture` VALUES ('1022183162177863997', 'p.png', '1365676718943719335');
INSERT INTO `group_product_picture` VALUES ('1107051438179962520', 'p.png', '5801813169641967441');
INSERT INTO `group_product_picture` VALUES ('1222652338408869004', 'p.png', '6938239944368406557');
INSERT INTO `group_product_picture` VALUES ('1229970227034475530', 'p.png', '3321147052063345668');
INSERT INTO `group_product_picture` VALUES ('1392613217858176397', 'p.png', '3131655901811263511');
INSERT INTO `group_product_picture` VALUES ('1445010360152638427', 'p.png', '7398721942326103140');
INSERT INTO `group_product_picture` VALUES ('1526525713535354689', 'p.png', '1214356297664381059');
INSERT INTO `group_product_picture` VALUES ('1530042314854910245', 'p.png', '7043031161407752137');
INSERT INTO `group_product_picture` VALUES ('1535282433044072296', 'p.png', '3127486008766448312');
INSERT INTO `group_product_picture` VALUES ('1553834056313032470', 'p.png', '1211559588240245416');
INSERT INTO `group_product_picture` VALUES ('1565376972815027866', 'p.png', '6250158992779661146');
INSERT INTO `group_product_picture` VALUES ('1599570459016317959', 'p.png', '8899938201999592171');
INSERT INTO `group_product_picture` VALUES ('1608650653084108287', 'p.png', '5737630330445579582');
INSERT INTO `group_product_picture` VALUES ('1702393406762995670', 'p.png', '6422024182519713407');
INSERT INTO `group_product_picture` VALUES ('1710644022016688334', 'p.png', '3019102415703461629');
INSERT INTO `group_product_picture` VALUES ('1739504180643643758', 'p.png', '7140036136168279186');
INSERT INTO `group_product_picture` VALUES ('1798422781522494252', 'p.png', '9208493498643333219');
INSERT INTO `group_product_picture` VALUES ('1815277481204204953', 'p.png', '6786490015694800720');
INSERT INTO `group_product_picture` VALUES ('1847912827886652273', 'p.png', '1133588678235802464');
INSERT INTO `group_product_picture` VALUES ('1849452135609682312', 'p.png', '7548865259464180395');
INSERT INTO `group_product_picture` VALUES ('1887840880419750257', 'p.png', '7412029277879879169');
INSERT INTO `group_product_picture` VALUES ('1894187251776703379', 'p.png', '1480216422490456797');
INSERT INTO `group_product_picture` VALUES ('1935698593458046378', 'p.png', '1006959010235565794');
INSERT INTO `group_product_picture` VALUES ('1952327367619265086', 'p.png', '1731466228994099506');
INSERT INTO `group_product_picture` VALUES ('2062273981674834472', 'p.png', '6818337855662277122');
INSERT INTO `group_product_picture` VALUES ('2117156630143320717', 'p.png', '8526242512603991263');
INSERT INTO `group_product_picture` VALUES ('2142642160873130937', 'p.png', '48673407043913879');
INSERT INTO `group_product_picture` VALUES ('2152927306292413621', 'p.png', '5453327021636997106');
INSERT INTO `group_product_picture` VALUES ('2163760697877417382', 'p.png', '1284425165198803582');
INSERT INTO `group_product_picture` VALUES ('2234779895768174153', 'p.png', '5678678860185357185');
INSERT INTO `group_product_picture` VALUES ('2257559464350338046', 'p.png', '8100887082901193753');
INSERT INTO `group_product_picture` VALUES ('2273203042726201628', 'p.png', '2496304930692416766');
INSERT INTO `group_product_picture` VALUES ('2274950689896481160', 'p.png', '8098012115668782183');
INSERT INTO `group_product_picture` VALUES ('2280964552542732357', 'p.png', '525875901222634849');
INSERT INTO `group_product_picture` VALUES ('2306022287077754050', 'p.png', '7836733670672190835');
INSERT INTO `group_product_picture` VALUES ('2308065123715466878', 'p.png', '4308214456703337067');
INSERT INTO `group_product_picture` VALUES ('2401479815381139650', 'p.png', '1353141582394969989');
INSERT INTO `group_product_picture` VALUES ('2406695982949879521', 'p.png', '5295968510469293276');
INSERT INTO `group_product_picture` VALUES ('2409715595329948093', 'p.png', '2565525699775775703');
INSERT INTO `group_product_picture` VALUES ('2478314280623753015', 'p.png', '2896112417048773889');
INSERT INTO `group_product_picture` VALUES ('2485104526799948384', 'p.png', '8052894188800918144');
INSERT INTO `group_product_picture` VALUES ('2543686954790896703', 'p.png', '7077426046132898673');
INSERT INTO `group_product_picture` VALUES ('2547773916707901042', 'p.png', '6911006500178119701');
INSERT INTO `group_product_picture` VALUES ('2577460961107461539', 'p.png', '1521010782971642600');
INSERT INTO `group_product_picture` VALUES ('2586330340847993661', 'p.png', '4283495436022664467');
INSERT INTO `group_product_picture` VALUES ('2629476694478046168', 'p.png', '7016698108749760946');
INSERT INTO `group_product_picture` VALUES ('2670375789460209988', 'p.png', '5713995795637751687');
INSERT INTO `group_product_picture` VALUES ('2725423801665929424', 'p.png', '5769581078345106391');
INSERT INTO `group_product_picture` VALUES ('2762298250003760272', 'p.png', '4334537685425471668');
INSERT INTO `group_product_picture` VALUES ('2764834307000058068', 'p.png', '7912452216261658492');
INSERT INTO `group_product_picture` VALUES ('2778501950496456928', 'p.png', '5575462406591496631');
INSERT INTO `group_product_picture` VALUES ('2800729354370632931', 'p.png', '5875838303048257452');
INSERT INTO `group_product_picture` VALUES ('2891223454899326460', 'p.png', '851023262363828784');
INSERT INTO `group_product_picture` VALUES ('2986053478876988760', 'p.png', '665512238062716631');
INSERT INTO `group_product_picture` VALUES ('3051814010273743522', 'p.png', '2258348834263351556');
INSERT INTO `group_product_picture` VALUES ('3074439421990029896', 'p.png', '3464831911179928882');
INSERT INTO `group_product_picture` VALUES ('3106801526198978533', 'p.png', '5954576757905377825');
INSERT INTO `group_product_picture` VALUES ('3113907196274035027', 'p.png', '139842915329918024');
INSERT INTO `group_product_picture` VALUES ('3130724422645534511', 'p.png', '1762480998884265326');
INSERT INTO `group_product_picture` VALUES ('3149262674796695451', 'p.png', '8357722820800499170');
INSERT INTO `group_product_picture` VALUES ('3200796953810585396', 'p.png', '6507923761651927329');
INSERT INTO `group_product_picture` VALUES ('3208305819794358569', 'p.png', '8289814892218631725');
INSERT INTO `group_product_picture` VALUES ('3264738225046176051', 'p.png', '6302339382304065126');
INSERT INTO `group_product_picture` VALUES ('3290993328199385583', 'p.png', '748833288244381119');
INSERT INTO `group_product_picture` VALUES ('3401809102565949685', 'p.png', '4145286244829318270');
INSERT INTO `group_product_picture` VALUES ('3416502379116840051', 'p.png', '1124773955091844789');
INSERT INTO `group_product_picture` VALUES ('3516213253389700030', 'p.png', '5121875836691564763');
INSERT INTO `group_product_picture` VALUES ('3517280654743260388', 'p.png', '2385019027393038040');
INSERT INTO `group_product_picture` VALUES ('3564977400996580074', 'p.png', '6510107466395372802');
INSERT INTO `group_product_picture` VALUES ('3578582696288535921', 'p.png', '6659147127291593474');
INSERT INTO `group_product_picture` VALUES ('3618220062428318082', 'p.png', '2361385436519026588');
INSERT INTO `group_product_picture` VALUES ('3620657588076953866', 'p.png', '190544316423948386');
INSERT INTO `group_product_picture` VALUES ('3669873017773705623', 'p.png', '8177234823984989296');
INSERT INTO `group_product_picture` VALUES ('3697552602430590865', 'p.png', '5569753457727982968');
INSERT INTO `group_product_picture` VALUES ('3743075104421990123', 'p.png', '8500700746182313258');
INSERT INTO `group_product_picture` VALUES ('3787712709267048999', 'p.png', '7766036903787580677');
INSERT INTO `group_product_picture` VALUES ('3792349043170886219', 'p.png', '5327242502149915258');
INSERT INTO `group_product_picture` VALUES ('3800005496437557069', 'p.png', '5420263643127824419');
INSERT INTO `group_product_picture` VALUES ('3820554759095339118', 'p.png', '2106693171720634846');
INSERT INTO `group_product_picture` VALUES ('3881520892383215956', 'p.png', '3430344520097943486');
INSERT INTO `group_product_picture` VALUES ('3884377611653890665', 'p.png', '711628765302901244');
INSERT INTO `group_product_picture` VALUES ('3885153663113250773', 'p.png', '3284204203650271274');
INSERT INTO `group_product_picture` VALUES ('3916659225394301036', 'p.png', '6100683839062427316');
INSERT INTO `group_product_picture` VALUES ('3919750426462539255', 'p.png', '2262179224495211968');
INSERT INTO `group_product_picture` VALUES ('4109414779778977054', 'p.png', '8821380235295935789');
INSERT INTO `group_product_picture` VALUES ('4135178198583558969', 'p.png', '8252430191157661335');
INSERT INTO `group_product_picture` VALUES ('4161017645850708165', 'p.png', '4012342161910090353');
INSERT INTO `group_product_picture` VALUES ('4168767836888584103', 'p.png', '3578153534265378685');
INSERT INTO `group_product_picture` VALUES ('4170210030790394854', 'p.png', '2053811901249964209');
INSERT INTO `group_product_picture` VALUES ('4191199751175621080', 'p.png', '6390642300990343604');
INSERT INTO `group_product_picture` VALUES ('4239287115203692189', 'p.png', '6458872600266883469');
INSERT INTO `group_product_picture` VALUES ('4317302206895636789', 'p.png', '5793707198779246560');
INSERT INTO `group_product_picture` VALUES ('4374117703184043914', 'p.png', '2736264647592726365');
INSERT INTO `group_product_picture` VALUES ('4421767053374736936', 'p.png', '7822602860965545420');
INSERT INTO `group_product_picture` VALUES ('4475457020784691404', 'p.png', '5492089564330938201');
INSERT INTO `group_product_picture` VALUES ('4477565174806039350', 'p.png', '3345993908021053995');
INSERT INTO `group_product_picture` VALUES ('4489130725858494214', 'p.png', '3681857941041005849');
INSERT INTO `group_product_picture` VALUES ('4511403187855904648', 'p.png', '9087906104395776937');
INSERT INTO `group_product_picture` VALUES ('4642537430006189381', 'p.png', '6563075917015238908');
INSERT INTO `group_product_picture` VALUES ('4644707332967841808', 'p.png', '4607178525053895532');
INSERT INTO `group_product_picture` VALUES ('4666667114894280351', 'p.png', '947098884499131631');
INSERT INTO `group_product_picture` VALUES ('4715314547380538895', 'p.png', '2358945342474833813');
INSERT INTO `group_product_picture` VALUES ('4735912648590049355', 'p.png', '4910863952208742348');
INSERT INTO `group_product_picture` VALUES ('4837637615249672822', 'p.png', '1356481457754098083');
INSERT INTO `group_product_picture` VALUES ('4847309950587716174', 'p.png', '9047743041629867506');
INSERT INTO `group_product_picture` VALUES ('4906816845850430156', 'p.png', '4601450826659938930');
INSERT INTO `group_product_picture` VALUES ('4912210037379386890', 'p.png', '3498777733878007486');
INSERT INTO `group_product_picture` VALUES ('4917812446323886067', 'p.png', '1537351286964504028');
INSERT INTO `group_product_picture` VALUES ('4922263254547579704', 'p.png', '5731092347669725619');
INSERT INTO `group_product_picture` VALUES ('4923566258406704621', 'p.png', '8957616209626811753');
INSERT INTO `group_product_picture` VALUES ('4958629830983369567', 'p.png', '1283736589587598667');
INSERT INTO `group_product_picture` VALUES ('4960088865761544485', 'p.png', '6469934093609092761');
INSERT INTO `group_product_picture` VALUES ('5029158667716413818', 'p.png', '7707700600917348297');
INSERT INTO `group_product_picture` VALUES ('5044610432851660736', 'p.png', '4349212174437531752');
INSERT INTO `group_product_picture` VALUES ('5069023481750243512', 'p.png', '296852422888279766');
INSERT INTO `group_product_picture` VALUES ('5095532194731410042', 'p.png', '2140267585539362364');
INSERT INTO `group_product_picture` VALUES ('5276232948924957703', 'p.png', '2320156551820951705');
INSERT INTO `group_product_picture` VALUES ('5374717199226389514', 'p.png', '770975301003594672');
INSERT INTO `group_product_picture` VALUES ('5393393758832640468', 'p.png', '1945735696656517988');
INSERT INTO `group_product_picture` VALUES ('5441441377602915034', 'p.png', '7914199739652786444');
INSERT INTO `group_product_picture` VALUES ('5475568697194729423', 'p.png', '3346717673698772530');
INSERT INTO `group_product_picture` VALUES ('5603923934966664870', 'p.png', '4026903249553737809');
INSERT INTO `group_product_picture` VALUES ('5644550022849120804', 'p.png', '3944410565746706860');
INSERT INTO `group_product_picture` VALUES ('5646304164032563560', 'p.png', '6308046216720108772');
INSERT INTO `group_product_picture` VALUES ('5646703706659245192', 'p.png', '47279305344041794');
INSERT INTO `group_product_picture` VALUES ('5666084838255510533', 'p.png', '2861273067415227784');
INSERT INTO `group_product_picture` VALUES ('5675663896068312286', 'p.png', '4330434586733136193');
INSERT INTO `group_product_picture` VALUES ('5715240029502459516', 'p.png', '7778241446643385719');
INSERT INTO `group_product_picture` VALUES ('5806026866060576253', 'p.png', '6213817569267303382');
INSERT INTO `group_product_picture` VALUES ('5835691372206702724', 'p.png', '74627227357563760');
INSERT INTO `group_product_picture` VALUES ('5836171917965479373', 'p.png', '1489935579951024141');
INSERT INTO `group_product_picture` VALUES ('5847821509827840666', 'p.png', '6914000838547620304');
INSERT INTO `group_product_picture` VALUES ('5869004945474276386', 'p.png', '5707619549216591193');
INSERT INTO `group_product_picture` VALUES ('5888393553387211472', 'p.png', '452856141668172957');
INSERT INTO `group_product_picture` VALUES ('5894455140659447861', 'p.png', '7512764789673052616');
INSERT INTO `group_product_picture` VALUES ('6054548093358590208', 'p.png', '618278422818933327');
INSERT INTO `group_product_picture` VALUES ('6071983056464068832', 'p.png', '3206085047341109175');
INSERT INTO `group_product_picture` VALUES ('6134826722675147411', 'p.png', '7132692872377290270');
INSERT INTO `group_product_picture` VALUES ('6139376517289821529', 'p.png', '1764160889292670812');
INSERT INTO `group_product_picture` VALUES ('6147061662775397309', 'p.png', '9155665787071186631');
INSERT INTO `group_product_picture` VALUES ('6171294319995470127', 'p.png', '1365424448578407833');
INSERT INTO `group_product_picture` VALUES ('6192040487057114397', 'p.png', '6175126163616844383');
INSERT INTO `group_product_picture` VALUES ('6205854376658422224', 'p.png', '7262904491115105799');
INSERT INTO `group_product_picture` VALUES ('6246176651673944572', 'p.png', '6169008921242912513');
INSERT INTO `group_product_picture` VALUES ('6295604727565927118', 'p.png', '4191341415954336098');
INSERT INTO `group_product_picture` VALUES ('6318615102672228152', 'p.png', '2243494776707501036');
INSERT INTO `group_product_picture` VALUES ('6353555120360344646', 'p.png', '5872691970788311219');
INSERT INTO `group_product_picture` VALUES ('6372331176275165433', 'p.png', '1298400941594986680');
INSERT INTO `group_product_picture` VALUES ('6384692067514795597', 'p.png', '7656111602431902652');
INSERT INTO `group_product_picture` VALUES ('6405923823380942119', 'p.png', '4934035531235280517');
INSERT INTO `group_product_picture` VALUES ('6434409293785744096', 'p.png', '6052411984105457578');
INSERT INTO `group_product_picture` VALUES ('6457095006979507790', 'p.png', '645012869931617910');
INSERT INTO `group_product_picture` VALUES ('6541993813058931566', 'p.png', '2977345790124771590');
INSERT INTO `group_product_picture` VALUES ('6650023727570371205', 'p.png', '3859620070493343637');
INSERT INTO `group_product_picture` VALUES ('6693970784922125846', 'p.png', '970435173817009438');
INSERT INTO `group_product_picture` VALUES ('6738218661452138108', 'p.png', '3279627321624842213');
INSERT INTO `group_product_picture` VALUES ('6747523446424817004', 'p.png', '293591630214219923');
INSERT INTO `group_product_picture` VALUES ('6758980644921689691', 'p.png', '4826615407982235552');
INSERT INTO `group_product_picture` VALUES ('6827865131247946149', 'p.png', '2907108248627466102');
INSERT INTO `group_product_picture` VALUES ('7018271788533302433', 'p.png', '1162734628899081042');
INSERT INTO `group_product_picture` VALUES ('7025182621695755727', 'p.png', '1384293157225843243');
INSERT INTO `group_product_picture` VALUES ('7038701262005357930', 'p.png', '1574883052293475381');
INSERT INTO `group_product_picture` VALUES ('7065262128315909837', 'p.png', '7517581151985027444');
INSERT INTO `group_product_picture` VALUES ('7092094021508088803', 'p.png', '559200290927036810');
INSERT INTO `group_product_picture` VALUES ('7122085956940483113', 'p.png', '4584047262044539004');
INSERT INTO `group_product_picture` VALUES ('7151521589667906657', 'p.png', '3393774781854270522');
INSERT INTO `group_product_picture` VALUES ('7157391911596474702', 'p.png', '8101871162846563655');
INSERT INTO `group_product_picture` VALUES ('7180460868130917077', 'p.png', '8737308666093587387');
INSERT INTO `group_product_picture` VALUES ('7182139403276274066', 'p.png', '9030676423459815626');
INSERT INTO `group_product_picture` VALUES ('7192233850117377458', 'p.png', '8219306310606995550');
INSERT INTO `group_product_picture` VALUES ('7200117261795609475', 'p.png', '6407805804374540950');
INSERT INTO `group_product_picture` VALUES ('7201135237659052861', 'p.png', '1858969771714692415');
INSERT INTO `group_product_picture` VALUES ('7497984460472207847', 'p.png', '5061724870740428915');
INSERT INTO `group_product_picture` VALUES ('7522390899668896868', 'p.png', '7949654268571504423');
INSERT INTO `group_product_picture` VALUES ('7523630039756590954', 'p.png', '8363924495108753987');
INSERT INTO `group_product_picture` VALUES ('7596637312521355440', 'p.png', '1706181521981394825');
INSERT INTO `group_product_picture` VALUES ('7634389178451446907', 'p.png', '1693111001615518281');
INSERT INTO `group_product_picture` VALUES ('7682410167530635375', 'p.png', '7615527789338447063');
INSERT INTO `group_product_picture` VALUES ('7707530014849910642', 'p.png', '2348115768872354195');
INSERT INTO `group_product_picture` VALUES ('7810508391812321132', 'p.png', '5483051172939253487');
INSERT INTO `group_product_picture` VALUES ('7814937832697449794', 'p.png', '1760971160507534229');
INSERT INTO `group_product_picture` VALUES ('7820387920354233154', 'p.png', '6706367710906699320');
INSERT INTO `group_product_picture` VALUES ('7823711763622086734', 'p.png', '5287850517527284530');
INSERT INTO `group_product_picture` VALUES ('7827746103377610571', 'p.png', '1752527139071478618');
INSERT INTO `group_product_picture` VALUES ('7837488251327957330', 'p.png', '8085803747375728778');
INSERT INTO `group_product_picture` VALUES ('7879203600284338237', 'p.png', '6148304345551225406');
INSERT INTO `group_product_picture` VALUES ('7913589694441146784', 'p.png', '8799555816903426786');
INSERT INTO `group_product_picture` VALUES ('7971732783783036350', 'p.png', '6674298032862545302');
INSERT INTO `group_product_picture` VALUES ('8056944452703439086', 'p.png', '2562113916415461157');
INSERT INTO `group_product_picture` VALUES ('8131528762892043158', 'p.png', '6546633179317485848');
INSERT INTO `group_product_picture` VALUES ('8271053252266380700', 'p.png', '2602088694766587189');
INSERT INTO `group_product_picture` VALUES ('8277821188589113089', 'p.png', '1118631150907117530');
INSERT INTO `group_product_picture` VALUES ('8283967679478514064', 'p.png', '4035376275100880114');
INSERT INTO `group_product_picture` VALUES ('8338010969992350585', 'p.png', '1028754978296123390');
INSERT INTO `group_product_picture` VALUES ('8488532509702308530', 'p.png', '5686161509762417549');
INSERT INTO `group_product_picture` VALUES ('8490954657799817463', 'p.png', '3654788307093047588');
INSERT INTO `group_product_picture` VALUES ('8497089978114263599', 'p.png', '9097788711071600253');
INSERT INTO `group_product_picture` VALUES ('8509799627522130304', 'p.png', '6881034529716063698');
INSERT INTO `group_product_picture` VALUES ('8541915142558599094', 'p.png', '8123709980051785698');
INSERT INTO `group_product_picture` VALUES ('8546516829057336112', 'p.png', '1902176232579350597');
INSERT INTO `group_product_picture` VALUES ('8649211241066021763', 'p.png', '4990678136519213677');
INSERT INTO `group_product_picture` VALUES ('8700815313857757925', 'p.png', '8085394679562389440');
INSERT INTO `group_product_picture` VALUES ('8701896279680500022', 'p.png', '5058445686623387858');
INSERT INTO `group_product_picture` VALUES ('8704296241962306517', 'p.png', '6046259853539361443');
INSERT INTO `group_product_picture` VALUES ('8782591554053491572', 'p.png', '4178613433049763283');
INSERT INTO `group_product_picture` VALUES ('8802099811672408936', 'p.png', '4422484308396820523');
INSERT INTO `group_product_picture` VALUES ('8843258480556983686', 'p.png', '8488080233466446712');
INSERT INTO `group_product_picture` VALUES ('8882758396052915129', 'p.png', '7182105300071040465');
INSERT INTO `group_product_picture` VALUES ('8894777438405279803', 'p.png', '2928983327697162011');
INSERT INTO `group_product_picture` VALUES ('8899907875753968922', 'p.png', '4646304063648580294');
INSERT INTO `group_product_picture` VALUES ('8908395504702014014', 'p.png', '2539132605516039148');
INSERT INTO `group_product_picture` VALUES ('8929122696444661169', 'p.png', '2949628878517914923');
INSERT INTO `group_product_picture` VALUES ('9002716816307276039', 'p.png', '6620697255874480478');
INSERT INTO `group_product_picture` VALUES ('9064828584531742345', 'p.png', '7027453571699196706');
INSERT INTO `group_product_picture` VALUES ('9098105491602752374', 'p.png', '2083077217131840094');
INSERT INTO `group_product_picture` VALUES ('9143142114193459018', 'p.png', '4758807190222555883');
INSERT INTO `group_product_picture` VALUES ('9164947842026327430', 'p.png', '532411074837497705');
INSERT INTO `group_product_picture` VALUES ('9183862522847317192', 'p.png', '6612650212441933249');

-- ----------------------------
-- Table structure for order_item
-- ----------------------------
DROP TABLE IF EXISTS `order_item`;
CREATE TABLE `order_item` (
  `item_id` varchar(32) NOT NULL COMMENT '订单项id',
  `order_id` varchar(32) DEFAULT NULL COMMENT '所属订单号',
  `product_id` bigint(20) DEFAULT NULL COMMENT '商品id',
  `product_name` varchar(64) DEFAULT NULL COMMENT '商品名',
  `product_price` decimal(10,2) DEFAULT NULL COMMENT '商品价格',
  `product_quantity` int(11) DEFAULT NULL COMMENT '商品数量',
  `product_unit` varchar(10) DEFAULT NULL COMMENT '商品每份的量',
  `product_desc` varchar(512) DEFAULT NULL COMMENT '商品描述',
  `product_icon` varchar(256) DEFAULT NULL COMMENT '商品图片',
  PRIMARY KEY (`item_id`)
) ENGINE=InnoDB DEFAULT CHARSET=utf8mb4;

-- ----------------------------
-- Records of order_item
-- ----------------------------
INSERT INTO `order_item` VALUES ('1517751180930935102', '1517751180886795451', '1515575600631', '商品名称2', '2.00', '5', '2单位', '商品描述2', 'p.png');
INSERT INTO `order_item` VALUES ('1517751181168812010', '1517751181125858572', '1515575599578', '商品名称9', '9.00', '4', '9单位', '商品描述9', 'p.png');
INSERT INTO `order_item` VALUES ('1517752959135483238', '1517752959089720356', '1515575600631', '商品名称2', '2.00', '2', '2单位', '商品描述2', 'p.png');
INSERT INTO `order_item` VALUES ('1517752959376128406', '1517752959326612635', '1515575599578', '商品名称9', '9.00', '3', '9单位', '商品描述9', 'p.png');
INSERT INTO `order_item` VALUES ('1517794992800154932', '1517794992693799586', '25473687528098376', '商品名称6', '6.00', '1', '6商品单位', '商品描述6', null);
INSERT INTO `order_item` VALUES ('1517794992950945405', '1517794992693799586', '25473687528098376', '商品名称6', '6.00', '2', '6商品单位', '商品描述6', null);
INSERT INTO `order_item` VALUES ('1517796415396603137', '1517796415396454005', '25473687528098376', '商品名称6', '6.00', '1', '6商品单位', '商品描述6', null);
INSERT INTO `order_item` VALUES ('1517796631914160515', '1517796631914229367', '25473687528098376', '商品名称6', '6.00', '2', '6商品单位', '商品描述6', null);
INSERT INTO `order_item` VALUES ('1517808873718202581', '1517808873718171259', '293591630214219923', '商品名称8', '8.00', '1', '8商品单位', '商品描述8', null);
INSERT INTO `order_item` VALUES ('1517808873813256496', '1517808873718171259', '296852422888279766', '商品名称21', '21.00', '1', '21商品单位', '商品描述21', null);
INSERT INTO `order_item` VALUES ('1517808884956218801', '1517808884956965817', '293591630214219923', '商品名称8', '8.00', '1', '8商品单位', '商品描述8', null);
INSERT INTO `order_item` VALUES ('1517808939883469249', '1517808939882782363', '293591630214219923', '商品名称8', '8.00', '1', '8商品单位', '商品描述8', null);
INSERT INTO `order_item` VALUES ('1517808939971346876', '1517808939882782363', '296852422888279766', '商品名称21', '21.00', '1', '21商品单位', '商品描述21', null);

-- ----------------------------
-- Table structure for order_master
-- ----------------------------
DROP TABLE IF EXISTS `order_master`;
CREATE TABLE `order_master` (
  `order_id` varchar(32) NOT NULL COMMENT '订单id',
  `shop_id` bigint(20) DEFAULT NULL COMMENT '店铺id',
  `shop_name` varchar(32) DEFAULT NULL COMMENT '店铺名',
  `user_id` bigint(20) DEFAULT NULL COMMENT '用户id',
  `user_name` varchar(64) DEFAULT NULL COMMENT '用户名',
  `user_phone` varchar(16) DEFAULT NULL COMMENT '买家电话',
  `user_address` varchar(32) DEFAULT NULL COMMENT '配送地址',
  `product_amount` decimal(10,2) DEFAULT NULL,
  `send_price` decimal(10,2) DEFAULT NULL,
  `order_amount` decimal(10,2) DEFAULT NULL COMMENT '订单总额',
  `order_status` tinyint(4) DEFAULT NULL COMMENT '订单状态(0-新下单 1-已完结 2-已取消)',
  `pay_status` tinyint(4) DEFAULT NULL COMMENT '支付状态 0-未支付 1-已支付',
  `delivery_status` tinyint(4) DEFAULT NULL COMMENT '0-未配送 1-已配送 2-已收货',
  `comment_status` tinyint(4) DEFAULT NULL COMMENT '评价状态 0-未评价 1-已评价',
  `pay_way` tinyint(4) DEFAULT NULL COMMENT '支付方式',
  `pay_acount` varchar(32) DEFAULT NULL COMMENT '支付账号',
  `delivery_time` datetime DEFAULT NULL COMMENT '配送时间',
  `arrive_time` datetime DEFAULT NULL,
  `receive_time` datetime DEFAULT NULL,
  `comment_id` bigint(20) DEFAULT NULL COMMENT '评论id',
  `create_time` timestamp NOT NULL DEFAULT CURRENT_TIMESTAMP COMMENT '创建时间',
  `update_time` timestamp NOT NULL DEFAULT CURRENT_TIMESTAMP ON UPDATE CURRENT_TIMESTAMP COMMENT '修改时间',
  `order_remark` varchar(512) DEFAULT NULL,
  PRIMARY KEY (`order_id`)
) ENGINE=InnoDB DEFAULT CHARSET=utf8mb4 COMMENT='订单主表';

-- ----------------------------
-- Records of order_master
-- ----------------------------
INSERT INTO `order_master` VALUES ('1517752959089720356', '1515567140661', '商店名称6', '1', 'aaa', '13420111111', '广东省', '4.00', '6.00', '10.00', '0', '0', '2', '0', null, null, null, '2018-01-21 10:18:15', null, null, '2018-02-04 22:02:39', '2018-02-04 22:02:39', null);
INSERT INTO `order_master` VALUES ('1517752959326612635', '1515567149563', '商店名称3', '1', 'aaa', '13420111111', '广东省', '27.00', '3.00', '30.00', '0', '0', '0', '0', null, null, null, null, null, null, '2018-02-04 22:02:39', '2018-02-04 22:02:39', null);

-- ----------------------------
-- Table structure for pg_cart_item
-- ----------------------------
DROP TABLE IF EXISTS `pg_cart_item`;
CREATE TABLE `pg_cart_item` (
  `item_id` varchar(32) NOT NULL,
  `user_id` bigint(20) DEFAULT NULL,
  `product_id` bigint(20) DEFAULT NULL,
  `product_quantity` int(11) DEFAULT NULL,
  PRIMARY KEY (`item_id`)
) ENGINE=InnoDB DEFAULT CHARSET=utf8mb4;

-- ----------------------------
-- Records of pg_cart_item
-- ----------------------------
INSERT INTO `pg_cart_item` VALUES ('1517641851681884708', '1', '25473687528098376', '2');
INSERT INTO `pg_cart_item` VALUES ('1517794894272564603', '1', '25473687528098376', '2');
INSERT INTO `pg_cart_item` VALUES ('1517808825290791988', '1', '190544316423948386', '1');
INSERT INTO `pg_cart_item` VALUES ('1517808831958574956', '1', '293591630214219923', '1');
INSERT INTO `pg_cart_item` VALUES ('1517808842537675266', '1', '296852422888279766', '1');

-- ----------------------------
-- Table structure for pg_group
-- ----------------------------
DROP TABLE IF EXISTS `pg_group`;
CREATE TABLE `pg_group` (
  `group_id` varchar(32) NOT NULL COMMENT '拼购组id',
  `lead_member_id` varchar(32) DEFAULT NULL,
  `group_num` int(11) DEFAULT NULL COMMENT '组限定人数',
  `group_count` int(11) DEFAULT '0' COMMENT '组现有人数',
  `group_status` tinyint(4) DEFAULT '0' COMMENT '组状态0-未完成，1-已完成',
  `dead_date` datetime DEFAULT NULL,
  `active_status` tinyint(4) DEFAULT '0',
  `create_time` timestamp NOT NULL DEFAULT CURRENT_TIMESTAMP COMMENT '创建时间',
  `update_time` timestamp NOT NULL DEFAULT CURRENT_TIMESTAMP ON UPDATE CURRENT_TIMESTAMP COMMENT '修改时间',
  PRIMARY KEY (`group_id`)
) ENGINE=InnoDB DEFAULT CHARSET=utf8mb4 COMMENT='拼购组表';

-- ----------------------------
-- Records of pg_group
-- ----------------------------
INSERT INTO `pg_group` VALUES ('1516522975163999654', '1516522975203754565', '3', '3', '1', '2018-01-21 00:00:00', '0', '2018-01-21 16:22:55', '2018-01-21 16:43:17');
INSERT INTO `pg_group` VALUES ('1516524865509895578', '1516524865547172642', '5', '1', '0', '2018-01-21 00:00:00', '0', '2018-01-21 16:54:26', '2018-01-21 16:54:26');
INSERT INTO `pg_group` VALUES ('1516525125256135108', '1516525250696553840', '5', '1', '0', '2018-01-21 00:00:00', '0', '2018-01-21 17:00:51', '2018-01-21 17:00:51');
INSERT INTO `pg_group` VALUES ('1516525266185358755', '1516525540812301319', '5', '1', '0', '2018-01-21 00:00:00', '0', '2018-01-21 17:05:41', '2018-01-21 17:05:41');
INSERT INTO `pg_group` VALUES ('1516525579859535525', '1516525596103836801', '5', '1', '0', '2018-01-21 00:00:00', '0', '2018-01-21 17:06:36', '2018-01-21 17:06:36');
INSERT INTO `pg_group` VALUES ('1516526089713836206', '1516526089763178020', '5', '1', null, '2018-01-22 00:00:00', null, '2018-01-21 17:14:50', '2018-01-21 17:14:50');
INSERT INTO `pg_group` VALUES ('1516526812708214989', '1516526812752284661', '5', '1', null, '2018-01-22 00:00:00', null, '2018-01-21 17:26:53', '2018-01-21 17:26:53');

-- ----------------------------
-- Table structure for pg_order_master
-- ----------------------------
DROP TABLE IF EXISTS `pg_order_master`;
CREATE TABLE `pg_order_master` (
  `order_id` varchar(32) NOT NULL COMMENT '订单id',
  `group_id` varchar(32) DEFAULT NULL COMMENT '所属拼购组id',
  `user_id` bigint(20) DEFAULT NULL COMMENT '用户id',
  `user_name` varchar(64) DEFAULT NULL COMMENT '用户名',
  `user_phone` varchar(16) DEFAULT NULL COMMENT '买家电话',
  `user_address` varchar(32) DEFAULT NULL COMMENT '配送地址',
  `order_amount` decimal(10,2) DEFAULT NULL COMMENT '订单总额',
  `order_status` tinyint(4) DEFAULT NULL COMMENT '订单状态(0-已下单 1-拼购组成 2-订单取消)',
  `pay_status` tinyint(4) DEFAULT NULL COMMENT '支付状态 0-未支付 1-已支付',
  `delivery_status` tinyint(4) DEFAULT NULL COMMENT '0-未配送 1-已配送 2-已收货',
  `comment_status` tinyint(4) DEFAULT NULL COMMENT '评价状态 0-未评价 1-已评价',
  `pay_way` tinyint(4) DEFAULT NULL COMMENT '支付方式',
  `pay_acount` varchar(32) DEFAULT NULL COMMENT '支付账号',
  `delivery_time` datetime DEFAULT NULL COMMENT '配送时间',
  `arrive_time` datetime DEFAULT NULL,
  `receive_time` datetime DEFAULT NULL,
  `comment_id` bigint(20) DEFAULT NULL COMMENT '评价id',
  `create_time` timestamp NOT NULL DEFAULT CURRENT_TIMESTAMP COMMENT '创建时间',
  `update_time` timestamp NOT NULL DEFAULT CURRENT_TIMESTAMP COMMENT '修改时间',
  `order_remark` varchar(512) DEFAULT NULL,
  PRIMARY KEY (`order_id`)
) ENGINE=InnoDB DEFAULT CHARSET=utf8mb4 COMMENT='拼购订单表';

-- ----------------------------
-- Records of pg_order_master
-- ----------------------------
INSERT INTO `pg_order_master` VALUES ('1517808873718171259', null, '1', 'aaa', '13420111111', '广东省', '29.00', '0', '0', '0', '0', null, null, null, '2018-01-21 10:18:15', null, null, '2018-02-05 13:34:34', '2018-02-05 13:34:34', null);
INSERT INTO `pg_order_master` VALUES ('1517808884956965817', null, '1', 'aaa', '13420111111', '广东省', '8.00', '2', '0', '2', '0', null, null, null, '2018-01-21 10:18:15', '2018-02-05 16:39:40', null, '2018-02-05 13:34:45', '2018-02-05 13:34:45', null);
INSERT INTO `pg_order_master` VALUES ('1517808939882782363', null, '2', 'aaa', '13420111111', '广东省', '29.00', '3', '0', '1', '0', null, null, null, null, null, null, '2018-02-05 13:35:40', '2018-02-05 13:35:40', null);

-- ----------------------------
-- Table structure for product
-- ----------------------------
DROP TABLE IF EXISTS `product`;
CREATE TABLE `product` (
  `product_id` bigint(20) NOT NULL,
  `product_name` varchar(64) NOT NULL,
  `product_price` decimal(10,2) NOT NULL DEFAULT '0.00',
  `product_stock` int(11) NOT NULL DEFAULT '0',
  `product_icon` varchar(256) DEFAULT NULL,
  `product_desc` varchar(512) DEFAULT NULL,
  `product_state` int(11) NOT NULL DEFAULT '0',
  `product_note` varchar(256) DEFAULT NULL,
  `limit_number` varchar(32) NOT NULL,
  `discount_state` int(11) NOT NULL DEFAULT '0',
  `discount_price` decimal(10,2) NOT NULL DEFAULT '0.00',
  `category_id` bigint(20) NOT NULL,
  `shop_id` bigint(20) NOT NULL,
  PRIMARY KEY (`product_id`)
) ENGINE=InnoDB DEFAULT CHARSET=utf8mb4;

-- ----------------------------
-- Records of product
-- ----------------------------
INSERT INTO `product` VALUES ('1515575599578', '商品名称9', '9.00', '2', 'p.png', '商品描述9', '1', '商品备注9', '9单位', '0', '0.00', '1515557723921', '1515567149563');
INSERT INTO `product` VALUES ('1515575600631', '商品名称2', '2.00', '93', 'p.png', '商品描述2', '0', '商品备注2', '2单位', '0', '0.00', '1515557064589', '1515567140661');
INSERT INTO `product` VALUES ('1515575603289', '商品名称6', '6.00', '6', 'p.png', '商品描述6', '1', '商品备注6', '6单位', '0', '0.00', '1515557723921', '1515567149563');
INSERT INTO `product` VALUES ('1515575609439', '商品名称4', '4.00', '4', 'p.png', '商品描述4', '1', '商品备注4', '4单位', '0', '0.00', '1515557723921', '1515567082566');
INSERT INTO `product` VALUES ('1515575610405', '商品名称6', '6.00', '6', 'p.png', '商品描述6', '1', '商品备注6', '6单位', '0', '0.00', '1515557309728', '1515567662052');
INSERT INTO `product` VALUES ('1515575612168', '商品名称5', '5.00', '90', 'p.png', '商品描述5', '0', '商品备注5', '5单位', '0', '0.00', '1515557723921', '1515567251796');
INSERT INTO `product` VALUES ('1515575620259', '商品名称3', '3.00', '3', 'p.png', '商品描述3', '1', '商品备注3', '3单位', '0', '0.00', '1515557723921', '1515567548902');
INSERT INTO `product` VALUES ('1515575627581', '商品名称4', '4.00', '2', 'p.png', '商品描述4', '1', '商品备注4', '4单位', '0', '0.00', '1515557684767', '1515567078469');
INSERT INTO `product` VALUES ('1515575629043', '商品名称2', '2.00', '2', 'p.png', '商品描述2', '1', '商品备注2', '2单位', '0', '0.00', '1515557309728', '1515567658402');
INSERT INTO `product` VALUES ('1515575632661', '商品名称3', '3.00', '3', 'p.png', '商品描述3', '1', '商品备注3', '3单位', '0', '0.00', '1515557309728', '1515567662052');
INSERT INTO `product` VALUES ('1515575633007', '商品名称6', '6.00', '6', 'p.png', '商品描述6', '1', '商品备注6', '6单位', '0', '0.00', '1515557954147', '1515567741677');
INSERT INTO `product` VALUES ('1515575637143', '商品名称1', '1.00', '1', 'p.png', '商品描述1', '1', '商品备注1', '1单位', '0', '0.00', '1515557684767', '1515567709725');
INSERT INTO `product` VALUES ('1515575639850', '商品名称4', '4.00', '4', 'p.png', '商品描述4', '1', '商品备注4', '4单位', '0', '0.00', '1515557064589', '1515567627606');
INSERT INTO `product` VALUES ('1515575644292', '商品名称3', '3.00', '3', 'p.png', '商品描述3', '1', '商品备注3', '3单位', '0', '0.00', '1515557740606', '1515567775797');
INSERT INTO `product` VALUES ('1515575648245', '商品名称8', '8.00', '8', 'p.png', '商品描述8', '1', '商品备注8', '8单位', '0', '0.00', '1515557723921', '1515567861735');
INSERT INTO `product` VALUES ('1515575649260', '商品名称4', '4.00', '4', 'p.png', '商品描述4', '1', '商品备注4', '4单位', '0', '0.00', '1515557723921', '1515567033782');
INSERT INTO `product` VALUES ('1515575656695', '商品名称5', '5.00', '5', 'p.png', '商品描述5', '1', '商品备注5', '5单位', '0', '0.00', '1515557723921', '1515567149563');
INSERT INTO `product` VALUES ('1515575658861', '商品名称2', '2.00', '2', 'p.png', '商品描述2', '1', '商品备注2', '2单位', '0', '0.00', '1515557723921', '1515567078469');
INSERT INTO `product` VALUES ('1515575659407', '商品名称1', '1.00', '18', 'p.png', '商品描述1', '1', '商品备注1', '1单位', '0', '0.00', '1515557064589', '1515567672934');
INSERT INTO `product` VALUES ('1515575669671', '商品名称8', '8.00', '8', 'p.png', '商品描述8', '1', '商品备注8', '8单位', '0', '0.00', '1515557309728', '1515567705968');
INSERT INTO `product` VALUES ('1515575677252', '商品名称5', '5.00', '5', 'p.png', '商品描述5', '1', '商品备注5', '5单位', '0', '0.00', '1515557740606', '1515567709725');
INSERT INTO `product` VALUES ('1515575680655', '商品名称6', '6.00', '6', 'p.png', '商品描述6', '1', '商品备注6', '6单位', '1', '0.00', '1515557740606', '1515567033782');
INSERT INTO `product` VALUES ('1515575682568', '商品名称8', '8.00', '8', 'p.png', '商品描述8', '1', '商品备注8', '8单位', '0', '0.00', '1515557684767', '1515567140661');
INSERT INTO `product` VALUES ('1515575683576', '商品名称6', '6.00', '6', 'p.png', '商品描述6', '1', '商品备注6', '6单位', '0', '0.00', '1515557954147', '1515567712883');
INSERT INTO `product` VALUES ('1515575683702', '商品名称2', '2.00', '2', 'p.png', '商品描述2', '1', '商品备注2', '2单位', '0', '0.00', '1515557740606', '1515567672934');
INSERT INTO `product` VALUES ('1515575688450', '商品名称6', '6.00', '4', 'p.png', '商品描述6', '1', '商品备注6', '6单位', '0', '0.00', '1515557309728', '1515567851722');
INSERT INTO `product` VALUES ('1515575689281', '商品名称5', '5.00', '5', 'p.png', '商品描述5', '1', '商品备注5', '5单位', '0', '0.00', '1515557954147', '1515567855952');
INSERT INTO `product` VALUES ('1515575692289', '商品名称6', '6.00', '6', 'p.png', '商品描述6', '1', '商品备注6', '6单位', '0', '0.00', '1515557740606', '1515567152567');
INSERT INTO `product` VALUES ('1515575698647', '商品名称1', '1.00', '1', 'p.png', '商品描述1', '1', '商品备注1', '1单位', '0', '0.00', '1515557723921', '1515567678473');
INSERT INTO `product` VALUES ('1515575705642', '商品名称8', '8.00', '8', 'p.png', '商品描述8', '1', '商品备注8', '8单位', '0', '0.00', '1515557954147', '1515567203574');
INSERT INTO `product` VALUES ('1515575709187', '商品名称9', '9.00', '9', 'p.png', '商品描述9', '1', '商品备注9', '9单位', '0', '0.00', '1515557723921', '1515567705968');
INSERT INTO `product` VALUES ('1515575709370', '商品名称8', '8.00', '100', 'p.png', '商品描述8', '1', '商品备注8', '8单位', '0', '0.00', '1515557309728', '1515567658402');
INSERT INTO `product` VALUES ('1515575717943', '商品名称8', '8.00', '8', 'p.png', '商品描述8', '1', '商品备注8', '8单位', '0', '0.00', '1515557684767', '1515567089620');
INSERT INTO `product` VALUES ('1515575721104', '商品名称6', '6.00', '6', 'p.png', '商品描述6', '1', '商品备注6', '6单位', '0', '0.00', '1515557309728', '1515567140661');
INSERT INTO `product` VALUES ('1515575722308', '商品名称5', '5.00', '5', 'p.png', '商品描述5', '1', '商品备注5', '5单位', '0', '0.00', '1515557954147', '1515567078469');
INSERT INTO `product` VALUES ('1515575725015', '商品名称1', '1.00', '1', 'p.png', '商品描述1', '1', '商品备注1', '1单位', '0', '0.00', '1515557684767', '1515567225678');
INSERT INTO `product` VALUES ('1515575725207', '商品名称4', '4.00', '4', 'p.png', '商品描述4', '1', '商品备注4', '4单位', '0', '0.00', '1515557064589', '1515567741677');
INSERT INTO `product` VALUES ('1515575726087', '商品名称5', '5.00', '5', 'p.png', '商品描述5', '1', '商品备注5', '5单位', '0', '0.00', '1515557064589', '1515567033782');
INSERT INTO `product` VALUES ('1515575731342', '商品名称1', '1.00', '1', 'p.png', '商品描述1', '1', '商品备注1', '1单位', '0', '0.00', '1515557740606', '1515567140661');
INSERT INTO `product` VALUES ('1515575740802', '商品名称6', '6.00', '6', 'p.png', '商品描述6', '1', '商品备注6', '6单位', '0', '0.00', '1515557064589', '1515567251796');
INSERT INTO `product` VALUES ('1515575745125', '商品名称9', '9.00', '9', 'p.png', '商品描述9', '1', '商品备注9', '9单位', '0', '0.00', '1515557723921', '1515567449883');
INSERT INTO `product` VALUES ('1515575756564', '商品名称8', '8.00', '8', 'p.png', '商品描述8', '1', '商品备注8', '8单位', '0', '0.00', '1515557954147', '1515567712883');
INSERT INTO `product` VALUES ('1515575759325', '商品名称7', '7.00', '0', 'p.png', '商品描述7', '1', '商品备注7', '7单位', '0', '0.00', '1515557684767', '1515567449883');
INSERT INTO `product` VALUES ('1515575765584', '商品名称8', '8.00', '8', 'p.png', '商品描述8', '1', '商品备注8', '8单位', '0', '0.00', '1515557723921', '1515567662052');
INSERT INTO `product` VALUES ('1515575770531', '商品名称6', '6.00', '1', 'p.png', '商品描述6', '0', '商品备注6', '6单位', '0', '0.00', '1515557723921', '1515567089620');
INSERT INTO `product` VALUES ('1515575786297', '商品名称8', '8.00', '8', 'p.png', '商品描述8', '1', '商品备注8', '8单位', '0', '0.00', '1515557723921', '1515567709725');
INSERT INTO `product` VALUES ('1515575795507', '商品名称4', '4.00', '4', 'p.png', '商品描述4', '1', '商品备注4', '4单位', '0', '0.00', '1515557064589', '1515567851722');
INSERT INTO `product` VALUES ('1515575798274', '商品名称7', '7.00', '6', 'p.png', '商品描述7', '0', '商品备注7', '7单位', '1', '0.00', '1515557954147', '1515567203574');
INSERT INTO `product` VALUES ('1515575800093', '商品名称9', '9.00', '142', 'p.png', '商品描述9', '1', '商品备注9', '9单位', '1', '2.00', '1515557684767', '1515567507305');
INSERT INTO `product` VALUES ('1515575801046', '商品名称7', '7.00', '58', 'p.png', '商品描述7', '1', '商品备注7', '7单位', '1', '0.00', '1515557723921', '1515567658402');
INSERT INTO `product` VALUES ('1515575804902', '商品名称8', '8.00', '8', 'p.png', '商品描述8', '1', '商品备注8', '8单位', '0', '0.00', '1515557684767', '1515567082566');
INSERT INTO `product` VALUES ('1515575805609', '商品名称1', '1.00', '1', 'p.png', '商品描述1', '1', '商品备注1', '1单位', '0', '0.00', '1515557740606', '1515567474859');
INSERT INTO `product` VALUES ('1515575805833', '商品名称4', '4.00', '4', 'p.png', '商品描述4', '1', '商品备注4', '4单位', '0', '0.00', '1515557309728', '1515567705968');
INSERT INTO `product` VALUES ('1515575806545', '商品名称9', '9.00', '9', 'p.png', '商品描述9', '1', '商品备注9', '9单位', '0', '0.00', '1515557723921', '1515567712883');
INSERT INTO `product` VALUES ('1515575808285', '商品名称2', '2.00', '2', 'p.png', '商品描述2', '1', '商品备注2', '2单位', '0', '0.00', '1515557064589', '1515567449883');
INSERT INTO `product` VALUES ('1515575809059', '商品名称5', '5.00', '5', 'p.png', '商品描述5', '1', '商品备注5', '5单位', '0', '0.00', '1515557064589', '1515567401926');
INSERT INTO `product` VALUES ('1515575816022', '商品名称7', '7.00', '7', 'p.png', '商品描述7', '1', '商品备注7', '7单位', '0', '0.00', '1515557723921', '1515567741677');
INSERT INTO `product` VALUES ('1515575816343', '商品名称7', '7.00', '7', 'p.png', '商品描述7', '1', '商品备注7', '7单位', '0', '0.00', '1515557954147', '1515567775797');
INSERT INTO `product` VALUES ('1515575819746', '商品名称6', '6.00', '6', 'p.png', '商品描述6', '1', '商品备注6', '6单位', '0', '0.00', '1515557064589', '1515567709725');
INSERT INTO `product` VALUES ('1515575829844', '商品名称8', '8.00', '960', 'p.png', '商品描述8', '1', '商品备注8', '8单位', '1', '0.00', '1515557740606', '1515567507305');
INSERT INTO `product` VALUES ('1515575830281', '商品名称2', '2.00', '2', 'p.png', '商品描述2', '1', '商品备注2', '2单位', '0', '0.00', '1515557954147', '1515567089620');
INSERT INTO `product` VALUES ('1515575839763', '商品名称2', '2.00', '2', 'p.png', '商品描述2', '1', '商品备注2', '2单位', '0', '0.00', '1515557740606', '1515567548902');
INSERT INTO `product` VALUES ('1515575844693', '商品名称4', '4.00', '4', 'p.png', '商品描述4', '1', '商品备注4', '4单位', '0', '0.00', '1515557684767', '1515567709725');
INSERT INTO `product` VALUES ('1515575846986', '商品名称1', '1.00', '1', 'p.png', '商品描述1', '1', '商品备注1', '1单位', '0', '0.00', '1515557740606', '1515567851722');
INSERT INTO `product` VALUES ('1515575853270', '商品名称7', '7.00', '7', 'p.png', '商品描述7', '1', '商品备注7', '7单位', '0', '0.00', '1515557723921', '1515567251796');
INSERT INTO `product` VALUES ('1515575862970', '商品名称6', '6.00', '6', 'p.png', '商品描述6', '1', '商品备注6', '6单位', '0', '0.00', '1515557740606', '1515567855952');
INSERT INTO `product` VALUES ('1515575874678', '商品名称2', '2.00', '2', 'p.png', '商品描述2', '1', '商品备注2', '2单位', '0', '0.00', '1515557740606', '1515567662052');
INSERT INTO `product` VALUES ('1515575881550', '商品名称2', '2.00', '2', 'p.png', '商品描述2', '1', '商品备注2', '2单位', '0', '0.00', '1515557723921', '1515567152567');
INSERT INTO `product` VALUES ('1515575885036', '商品名称5', '5.00', '5', 'p.png', '商品描述5', '1', '商品备注5', '5单位', '0', '0.00', '1515557954147', '1515567082566');
INSERT INTO `product` VALUES ('1515575885298', '商品名称9', '9.00', '9', 'p.png', '商品描述9', '1', '商品备注9', '9单位', '0', '0.00', '1515557684767', '1515567678473');
INSERT INTO `product` VALUES ('1515575887052', '商品名称5', '5.00', '5', 'p.png', '商品描述5', '1', '商品备注5', '5单位', '0', '0.00', '1515557723921', '1515567627606');
INSERT INTO `product` VALUES ('1515575889865', '商品名称9', '9.00', '9', 'p.png', '商品描述9', '1', '商品备注9', '9单位', '0', '0.00', '1515557723921', '1515567474859');
INSERT INTO `product` VALUES ('1515575903160', '商品名称5', '5.00', '5', 'p.png', '商品描述5', '1', '商品备注5', '5单位', '0', '0.00', '1515557723921', '1515567861735');
INSERT INTO `product` VALUES ('1515575904388', '商品名称1', '1.00', '1', 'p.png', '商品描述1', '1', '商品备注1', '1单位', '0', '0.00', '1515557954147', '1515567861735');
INSERT INTO `product` VALUES ('1515575904714', '商品名称8', '8.00', '8', 'p.png', '商品描述8', '1', '商品备注8', '8单位', '0', '0.00', '1515557309728', '1515567401926');
INSERT INTO `product` VALUES ('1515575905906', '商品名称5', '5.00', '5', 'p.png', '商品描述5', '1', '商品备注5', '5单位', '0', '0.00', '1515557723921', '1515567216824');
INSERT INTO `product` VALUES ('1515575913295', '商品名称8', '8.00', '8', 'p.png', '商品描述8', '1', '商品备注8', '8单位', '0', '0.00', '1515557740606', '1515567855952');
INSERT INTO `product` VALUES ('1515575921485', '商品名称8', '8.00', '8', 'p.png', '商品描述8', '1', '商品备注8', '8单位', '0', '0.00', '1515557954147', '1515567627606');
INSERT INTO `product` VALUES ('1515575922063', '商品名称8', '8.00', '8', 'p.png', '商品描述8', '1', '商品备注8', '8单位', '0', '0.00', '1515557740606', '1515567474859');
INSERT INTO `product` VALUES ('1515575924890', '商品名称1', '1.00', '1', 'p.png', '商品描述1', '1', '商品备注1', '1单位', '0', '0.00', '1515557309728', '1515567855952');
INSERT INTO `product` VALUES ('1515575930120', '商品名称3', '3.00', '3', 'p.png', '商品描述3', '1', '商品备注3', '3单位', '0', '0.00', '1515557064589', '1515567216824');
INSERT INTO `product` VALUES ('1515575937539', '商品名称4', '4.00', '4', 'p.png', '商品描述4', '1', '商品备注4', '4单位', '0', '0.00', '1515557740606', '1515567140661');
INSERT INTO `product` VALUES ('1515575938062', '商品名称1', '1.00', '1', 'p.png', '商品描述1', '1', '商品备注1', '1单位', '0', '0.00', '1515557723921', '1515567251796');
INSERT INTO `product` VALUES ('1515575940917', '商品名称8', '8.00', '8', 'p.png', '商品描述8', '1', '商品备注8', '8单位', '0', '0.00', '1515557723921', '1515567548902');
INSERT INTO `product` VALUES ('1515575947310', '商品名称9', '9.00', '9', 'p.png', '商品描述9', '1', '商品备注9', '9单位', '0', '0.00', '1515557723921', '1515567401926');
INSERT INTO `product` VALUES ('1515575949539', '商品名称4', '4.00', '4', 'p.png', '商品描述4', '1', '商品备注4', '4单位', '0', '0.00', '1515557723921', '1515567855952');
INSERT INTO `product` VALUES ('1515575951501', '商品名称2', '2.00', '2', 'p.png', '商品描述2', '1', '商品备注2', '2单位', '0', '0.00', '1515557723921', '1515567855952');
INSERT INTO `product` VALUES ('1515575961741', '商品名称7', '7.00', '7', 'p.png', '商品描述7', '1', '商品备注7', '7单位', '0', '0.00', '1515557954147', '1515567678473');
INSERT INTO `product` VALUES ('1515575962529', '商品名称2', '2.00', '2', 'p.png', '商品描述2', '1', '商品备注2', '2单位', '0', '0.00', '1515557723921', '1515567474859');
INSERT INTO `product` VALUES ('1515575969137', '商品名称1', '1.00', '1', 'p.png', '商品描述1', '1', '商品备注1', '1单位', '0', '0.00', '1515557064589', '1515567627606');
INSERT INTO `product` VALUES ('1515575976812', '商品名称8', '8.00', '8', 'p.png', '商品描述8', '1', '商品备注8', '8单位', '0', '0.00', '1515557723921', '1515567672934');
INSERT INTO `product` VALUES ('1515575978235', '商品名称2', '2.00', '2', 'p.png', '商品描述2', '1', '商品备注2', '2单位', '0', '0.00', '1515557723921', '1515567401926');
INSERT INTO `product` VALUES ('1515575985505', '商品名称6', '6.00', '6', 'p.png', '商品描述6', '1', '商品备注6', '6单位', '0', '0.00', '1515557740606', '1515567658402');
INSERT INTO `product` VALUES ('1515575987345', '商品名称6', '6.00', '6', 'p.png', '商品描述6', '1', '商品备注6', '6单位', '0', '0.00', '1515557064589', '1515567082566');
INSERT INTO `product` VALUES ('1515575988730', '商品名称9', '9.00', '9', 'p.png', '商品描述9', '1', '商品备注9', '9单位', '0', '0.00', '1515557684767', '1515567658402');
INSERT INTO `product` VALUES ('1515575988759', '商品名称7', '7.00', '7', 'p.png', '商品描述7', '1', '商品备注7', '7单位', '0', '0.00', '1515557064589', '1515567225678');
INSERT INTO `product` VALUES ('1515575992115', '商品名称1', '1.00', '1', 'p.png', '商品描述1', '1', '商品备注1', '1单位', '0', '0.00', '1515557064589', '1515567548902');
INSERT INTO `product` VALUES ('1515575994819', '商品名称2', '2.00', '2', 'p.png', '商品描述2', '1', '商品备注2', '2单位', '0', '0.00', '1515557309728', '1515567861735');
INSERT INTO `product` VALUES ('1515575997286', '商品名称6', '6.00', '6', 'p.png', '商品描述6', '1', '商品备注6', '6单位', '0', '0.00', '1515557740606', '1515567401926');
INSERT INTO `product` VALUES ('1515575998156', '商品名称3', '3.00', '3', 'p.png', '商品描述3', '1', '商品备注3', '3单位', '0', '0.00', '1515557740606', '1515567251796');
INSERT INTO `product` VALUES ('1515575998337', '商品名称7', '7.00', '7', 'p.png', '商品描述7', '1', '商品备注7', '7单位', '0', '0.00', '1515557309728', '1515567712883');
INSERT INTO `product` VALUES ('1515575999620', '商品名称6', '6.00', '6', 'p.png', '商品描述6', '1', '商品备注6', '6单位', '0', '0.00', '1515557954147', '1515567775797');
INSERT INTO `product` VALUES ('1515576000642', '商品名称1', '1.00', '1', 'p.png', '商品描述1', '1', '商品备注1', '1单位', '0', '0.00', '1515557740606', '1515567401926');
INSERT INTO `product` VALUES ('1515576001877', '商品名称9', '9.00', '9', 'p.png', '商品描述9', '1', '商品备注9', '9单位', '0', '0.00', '1515557309728', '1515567627606');
INSERT INTO `product` VALUES ('1515576007222', '商品名称7', '7.00', '7', 'p.png', '商品描述7', '1', '商品备注7', '7单位', '0', '0.00', '1515557309728', '1515567140661');
INSERT INTO `product` VALUES ('1515576007475', '商品名称6', '6.00', '6', 'p.png', '商品描述6', '1', '商品备注6', '6单位', '0', '0.00', '1515557740606', '1515567548902');
INSERT INTO `product` VALUES ('1515576008547', '商品名称3', '3.00', '3', 'p.png', '商品描述3', '1', '商品备注3', '3单位', '0', '0.00', '1515557740606', '1515567761702');
INSERT INTO `product` VALUES ('1515576008621', '商品名称8', '8.00', '8', 'p.png', '商品描述8', '1', '商品备注8', '8单位', '0', '0.00', '1515557740606', '1515567216824');
INSERT INTO `product` VALUES ('1515576010404', '商品名称3', '3.00', '3', 'p.png', '商品描述3', '1', '商品备注3', '3单位', '0', '0.00', '1515557309728', '1515567149563');
INSERT INTO `product` VALUES ('1515576012372', '商品名称2', '2.00', '2', 'p.png', '商品描述2', '1', '商品备注2', '2单位', '0', '0.00', '1515557723921', '1515567507305');
INSERT INTO `product` VALUES ('1515576012746', '商品名称3', '3.00', '3', 'p.png', '商品描述3', '1', '商品备注3', '3单位', '0', '0.00', '1515557740606', '1515567033782');
INSERT INTO `product` VALUES ('1515576015460', '商品名称3', '3.00', '3', 'p.png', '商品描述3', '1', '商品备注3', '3单位', '0', '0.00', '1515557309728', '1515567152567');
INSERT INTO `product` VALUES ('1515576015640', '商品名称4', '4.00', '18', 'p.png', '商品描述4', '1', '商品备注4', '4单位', '0', '0.00', '1515557723921', '1515567089620');
INSERT INTO `product` VALUES ('1515576017189', '商品名称9', '9.00', '7', 'p.png', '商品描述9', '1', '商品备注9', '9单位', '0', '0.00', '1515557309728', '1515567851722');
INSERT INTO `product` VALUES ('1515576023856', '商品名称5', '5.00', '5', 'p.png', '商品描述5', '1', '商品备注5', '5单位', '0', '0.00', '1515557064589', '1515567203574');
INSERT INTO `product` VALUES ('1515576033384', '商品名称6', '6.00', '6', 'p.png', '商品描述6', '1', '商品备注6', '6单位', '0', '0.00', '1515557723921', '1515567474859');
INSERT INTO `product` VALUES ('1515576033389', '商品名称7', '7.00', '7', 'p.png', '商品描述7', '1', '商品备注7', '7单位', '0', '0.00', '1515557740606', '1515567672934');
INSERT INTO `product` VALUES ('1515576046016', '商品名称6', '6.00', '6', 'p.png', '商品描述6', '1', '商品备注6', '6单位', '0', '0.00', '1515557740606', '1515567507305');
INSERT INTO `product` VALUES ('1515576051457', '商品名称8', '8.00', '8', 'p.png', '商品描述8', '1', '商品备注8', '8单位', '0', '0.00', '1515557723921', '1515567678473');
INSERT INTO `product` VALUES ('1515576055439', '商品名称2', '2.00', '2', 'p.png', '商品描述2', '1', '商品备注2', '2单位', '0', '0.00', '1515557723921', '1515567149563');
INSERT INTO `product` VALUES ('1515576057412', '商品名称3', '3.00', '3', 'p.png', '商品描述3', '1', '商品备注3', '3单位', '0', '0.00', '1515557740606', '1515567082566');
INSERT INTO `product` VALUES ('1515576058815', '商品名称3', '3.00', '3', 'p.png', '商品描述3', '1', '商品备注3', '3单位', '0', '0.00', '1515557723921', '1515567203574');
INSERT INTO `product` VALUES ('1515576061462', '商品名称5', '5.00', '5', 'p.png', '商品描述5', '1', '商品备注5', '5单位', '0', '0.00', '1515557064589', '1515567775797');
INSERT INTO `product` VALUES ('1515576064467', '商品名称9', '9.00', '9', 'p.png', '商品描述9', '1', '商品备注9', '9单位', '0', '0.00', '1515557723921', '1515567089620');
INSERT INTO `product` VALUES ('1515576067120', '商品名称4', '4.00', '4', 'p.png', '商品描述4', '1', '商品备注4', '4单位', '0', '0.00', '1515557740606', '1515567401926');
INSERT INTO `product` VALUES ('1515576068885', '商品名称4', '4.00', '4', 'p.png', '商品描述4', '1', '商品备注4', '4单位', '0', '0.00', '1515557740606', '1515567216824');
INSERT INTO `product` VALUES ('1515576076867', '商品名称1', '1.00', '1', 'p.png', '商品描述1', '1', '商品备注1', '1单位', '0', '0.00', '1515557723921', '1515567658402');
INSERT INTO `product` VALUES ('1515576077225', '商品名称4', '4.00', '4', 'p.png', '商品描述4', '1', '商品备注4', '4单位', '0', '0.00', '1515557309728', '1515567225678');
INSERT INTO `product` VALUES ('1515576079646', '商品名称4', '4.00', '4', 'p.png', '商品描述4', '1', '商品备注4', '4单位', '0', '0.00', '1515557723921', '1515567548902');
INSERT INTO `product` VALUES ('1515576082947', '商品名称2', '2.00', '2', 'p.png', '商品描述2', '1', '商品备注2', '2单位', '0', '0.00', '1515557684767', '1515567775797');
INSERT INTO `product` VALUES ('1515576086517', '商品名称8', '8.00', '8', 'p.png', '商品描述8', '1', '商品备注8', '8单位', '0', '0.00', '1515557740606', '1515567775797');
INSERT INTO `product` VALUES ('1515576086608', '商品名称1', '1.00', '1', 'p.png', '商品描述1', '1', '商品备注1', '1单位', '0', '0.00', '1515557740606', '1515567741677');
INSERT INTO `product` VALUES ('1515576088403', '商品名称1', '1.00', '1', 'p.png', '商品描述1', '1', '商品备注1', '1单位', '0', '0.00', '1515557064589', '1515567507305');
INSERT INTO `product` VALUES ('1515576105326', '商品名称3', '3.00', '3', 'p.png', '商品描述3', '1', '商品备注3', '3单位', '0', '0.00', '1515557684767', '1515567855952');
INSERT INTO `product` VALUES ('1515576114617', '商品名称3', '3.00', '3', 'p.png', '商品描述3', '1', '商品备注3', '3单位', '0', '0.00', '1515557723921', '1515567507305');
INSERT INTO `product` VALUES ('1515576116494', '商品名称4', '4.00', '4', 'p.png', '商品描述4', '1', '商品备注4', '4单位', '0', '0.00', '1515557723921', '1515567507305');
INSERT INTO `product` VALUES ('1515576117067', '商品名称9', '9.00', '9', 'p.png', '商品描述9', '1', '商品备注9', '9单位', '0', '0.00', '1515557723921', '1515567078469');
INSERT INTO `product` VALUES ('1515576120650', '商品名称6', '6.00', '6', 'p.png', '商品描述6', '1', '商品备注6', '6单位', '0', '0.00', '1515557723921', '1515567078469');
INSERT INTO `product` VALUES ('1515576121671', '商品名称4', '4.00', '5', 'p.png', '商品描述4', '1', '商品备注4', '4单位', '0', '2.50', '1515557723921', '1515567658402');
INSERT INTO `product` VALUES ('1515576125107', '商品名称4', '4.00', '4', 'p.png', '商品描述4', '1', '商品备注4', '4单位', '0', '0.00', '1515557740606', '1515567203574');
INSERT INTO `product` VALUES ('1515576128956', '商品名称3', '3.00', '3', 'p.png', '商品描述3', '1', '商品备注3', '3单位', '0', '0.00', '1515557723921', '1515567225678');
INSERT INTO `product` VALUES ('1515576131692', '商品名称6', '6.00', '6', 'p.png', '商品描述6', '1', '商品备注6', '6单位', '0', '0.00', '1515557309728', '1515567203574');
INSERT INTO `product` VALUES ('1515576135398', '商品名称5', '5.00', '5', 'p.png', '商品描述5', '1', '商品备注5', '5单位', '0', '0.00', '1515557740606', '1515567662052');
INSERT INTO `product` VALUES ('1515576136506', '商品名称2', '2.00', '2', 'p.png', '商品描述2', '1', '商品备注2', '2单位', '0', '0.00', '1515557723921', '1515567851722');
INSERT INTO `product` VALUES ('1515576136962', '商品名称2', '2.00', '2', 'p.png', '商品描述2', '1', '商品备注2', '2单位', '0', '0.00', '1515557723921', '1515567082566');
INSERT INTO `product` VALUES ('1515576137746', '商品名称3', '3.00', '3', 'p.png', '商品描述3', '1', '商品备注3', '3单位', '0', '0.00', '1515557723921', '1515567658402');
INSERT INTO `product` VALUES ('1515576139416', '商品名称8', '8.00', '8', 'p.png', '商品描述8', '1', '商品备注8', '8单位', '0', '0.00', '1515557954147', '1515567741677');
INSERT INTO `product` VALUES ('1515576141466', '商品名称5', '5.00', '5', 'p.png', '商品描述5', '1', '商品备注5', '5单位', '0', '0.00', '1515557954147', '1515567474859');
INSERT INTO `product` VALUES ('1515576143386', '商品名称9', '9.00', '9', 'p.png', '商品描述9', '1', '商品备注9', '9单位', '0', '0.00', '1515557740606', '1515567152567');
INSERT INTO `product` VALUES ('1515576145435', '商品名称1', '1.00', '1', 'p.png', '商品描述1', '1', '商品备注1', '1单位', '0', '0.00', '1515557723921', '1515567705968');
INSERT INTO `product` VALUES ('1515576147977', '商品名称6', '6.00', '6', 'p.png', '商品描述6', '1', '商品备注6', '6单位', '0', '0.00', '1515557740606', '1515567672934');
INSERT INTO `product` VALUES ('1515576150796', '商品名称9', '9.00', '9', 'p.png', '商品描述9', '1', '商品备注9', '9单位', '0', '0.00', '1515557723921', '1515567140661');
INSERT INTO `product` VALUES ('1515576151125', '商品名称7', '7.00', '7', 'p.png', '商品描述7', '1', '商品备注7', '7单位', '0', '0.00', '1515557723921', '1515567761702');
INSERT INTO `product` VALUES ('1515576152366', '商品名称6', '6.00', '6', 'p.png', '商品描述6', '1', '商品备注6', '6单位', '0', '0.00', '1515557309728', '1515567216824');
INSERT INTO `product` VALUES ('1515576153310', '商品名称5', '5.00', '5', 'p.png', '商品描述5', '1', '商品备注5', '5单位', '0', '0.00', '1515557309728', '1515567705968');
INSERT INTO `product` VALUES ('1515576153933', '商品名称7', '7.00', '7', 'p.png', '商品描述7', '1', '商品备注7', '7单位', '0', '0.00', '1515557309728', '1515567152567');
INSERT INTO `product` VALUES ('1515576154671', '商品名称8', '8.00', '8', 'p.png', '商品描述8', '1', '商品备注8', '8单位', '0', '0.00', '1515557723921', '1515567449883');
INSERT INTO `product` VALUES ('1515576155493', '商品名称4', '4.00', '4', 'p.png', '商品描述4', '1', '商品备注4', '4单位', '0', '0.00', '1515557740606', '1515567861735');
INSERT INTO `product` VALUES ('1515576160502', '商品名称2', '2.00', '2', 'p.png', '商品描述2', '1', '商品备注2', '2单位', '0', '0.00', '1515557309728', '1515567216824');
INSERT INTO `product` VALUES ('1515576166534', '商品名称7', '7.00', '7', 'p.png', '商品描述7', '1', '商品备注7', '7单位', '0', '0.00', '1515557064589', '1515567149563');
INSERT INTO `product` VALUES ('1515576166760', '商品名称5', '5.00', '5', 'p.png', '商品描述5', '1', '商品备注5', '5单位', '0', '0.00', '1515557954147', '1515567225678');
INSERT INTO `product` VALUES ('1515576167106', '商品名称3', '3.00', '3', 'p.png', '商品描述3', '1', '商品备注3', '3单位', '0', '0.00', '1515557684767', '1515567709725');
INSERT INTO `product` VALUES ('1515576167814', '商品名称7', '7.00', '7', 'p.png', '商品描述7', '1', '商品备注7', '7单位', '0', '0.00', '1515557740606', '1515567401926');
INSERT INTO `product` VALUES ('1515576170234', '商品名称2', '2.00', '2', 'p.png', '商品描述2', '1', '商品备注2', '2单位', '0', '0.00', '1515557740606', '1515567627606');
INSERT INTO `product` VALUES ('1515576173137', '商品名称7', '7.00', '7', 'p.png', '商品描述7', '1', '商品备注7', '7单位', '0', '0.00', '1515557954147', '1515567089620');
INSERT INTO `product` VALUES ('1515576173854', '商品名称2', '2.00', '2', 'p.png', '商品描述2', '1', '商品备注2', '2单位', '0', '0.00', '1515557954147', '1515567741677');
INSERT INTO `product` VALUES ('1515576179739', '商品名称4', '4.00', '4', 'p.png', '商品描述4', '1', '商品备注4', '4单位', '0', '0.00', '1515557954147', '1515567449883');
INSERT INTO `product` VALUES ('1515576185068', '商品名称7', '7.00', '7', 'p.png', '商品描述7', '1', '商品备注7', '7单位', '0', '0.00', '1515557309728', '1515567861735');
INSERT INTO `product` VALUES ('1515576186063', '商品名称3', '3.00', '3', 'p.png', '商品描述3', '1', '商品备注3', '3单位', '0', '0.00', '1515557684767', '1515567741677');
INSERT INTO `product` VALUES ('1515576186692', '商品名称4', '4.00', '4', 'p.png', '商品描述4', '1', '商品备注4', '4单位', '0', '0.00', '1515557740606', '1515567761702');
INSERT INTO `product` VALUES ('1515576191620', '商品名称3', '3.00', '3', 'p.png', '商品描述3', '1', '商品备注3', '3单位', '0', '0.00', '1515557684767', '1515567672934');
INSERT INTO `product` VALUES ('1515576191895', '商品名称1', '1.00', '1', 'p.png', '商品描述1', '1', '商品备注1', '1单位', '0', '0.00', '1515557309728', '1515567149563');
INSERT INTO `product` VALUES ('1515576192167', '商品名称5', '5.00', '5', 'p.png', '商品描述5', '1', '商品备注5', '5单位', '0', '0.00', '1515557740606', '1515567741677');
INSERT INTO `product` VALUES ('1515576194275', '商品名称5', '5.00', '5', 'p.png', '商品描述5', '1', '商品备注5', '5单位', '0', '0.00', '1515557740606', '1515567712883');
INSERT INTO `product` VALUES ('1515576195261', '商品名称5', '5.00', '5', 'p.png', '商品描述5', '1', '商品备注5', '5单位', '0', '0.00', '1515557954147', '1515567152567');
INSERT INTO `product` VALUES ('1515576196941', '商品名称3', '3.00', '3', 'p.png', '商品描述3', '1', '商品备注3', '3单位', '0', '0.00', '1515557309728', '1515567140661');
INSERT INTO `product` VALUES ('1515576200917', '商品名称4', '4.00', '4', 'p.png', '商品描述4', '1', '商品备注4', '4单位', '0', '0.00', '1515557309728', '1515567474859');
INSERT INTO `product` VALUES ('1515576203084', '商品名称9', '9.00', '9', 'p.png', '商品描述9', '1', '商品备注9', '9单位', '0', '0.00', '1515557684767', '1515567548902');
INSERT INTO `product` VALUES ('1515576206968', '商品名称9', '9.00', '9', 'p.png', '商品描述9', '1', '商品备注9', '9单位', '0', '0.00', '1515557723921', '1515567033782');
INSERT INTO `product` VALUES ('1515576215315', '商品名称1', '1.00', '1', 'p.png', '商品描述1', '1', '商品备注1', '1单位', '0', '0.00', '1515557723921', '1515567712883');
INSERT INTO `product` VALUES ('1515576219902', '商品名称7', '7.00', '7', 'p.png', '商品描述7', '1', '商品备注7', '7单位', '0', '0.00', '1515557740606', '1515567033782');
INSERT INTO `product` VALUES ('1515576226656', '商品名称7', '7.00', '7', 'p.png', '商品描述7', '1', '商品备注7', '7单位', '0', '0.00', '1515557723921', '1515567855952');
INSERT INTO `product` VALUES ('1515576228025', '商品名称7', '7.00', '7', 'p.png', '商品描述7', '1', '商品备注7', '7单位', '0', '0.00', '1515557309728', '1515567627606');
INSERT INTO `product` VALUES ('1515576228470', '商品名称2', '2.00', '2', 'p.png', '商品描述2', '1', '商品备注2', '2单位', '0', '0.00', '1515557723921', '1515567761702');
INSERT INTO `product` VALUES ('1515576234803', '商品名称8', '8.00', '8', 'p.png', '商品描述8', '1', '商品备注8', '8单位', '0', '0.00', '1515557954147', '1515567033782');
INSERT INTO `product` VALUES ('1515576239699', '商品名称9', '9.00', '9', 'p.png', '商品描述9', '1', '商品备注9', '9单位', '0', '0.00', '1515557723921', '1515567251796');
INSERT INTO `product` VALUES ('1515576245673', '商品名称3', '3.00', '98', 'p.png', '商品描述3', '1', '商品备注3', '3单位', '0', '0.00', '1515557954147', '1515567089620');
INSERT INTO `product` VALUES ('1515576248979', '商品名称7', '7.00', '7', 'p.png', '商品描述7', '1', '商品备注7', '7单位', '0', '0.00', '1515557684767', '1515567474859');
INSERT INTO `product` VALUES ('1515576251255', '商品名称4', '4.00', '4', 'p.png', '商品描述4', '1', '商品备注4', '4单位', '0', '0.00', '1515557740606', '1515567712883');
INSERT INTO `product` VALUES ('1515576252366', '商品名称3', '3.00', '3', 'p.png', '商品描述3', '1', '商品备注3', '3单位', '0', '0.00', '1515557723921', '1515567851722');
INSERT INTO `product` VALUES ('1515576253959', '商品名称6', '6.00', '6', 'p.png', '商品描述6', '1', '商品备注6', '6单位', '0', '0.00', '1515557723921', '1515567225678');
INSERT INTO `product` VALUES ('1515576257439', '商品名称3', '3.00', '3', 'p.png', '商品描述3', '1', '商品备注3', '3单位', '0', '0.00', '1515557684767', '1515567712883');
INSERT INTO `product` VALUES ('1515576257602', '商品名称5', '5.00', '5', 'p.png', '商品描述5', '1', '商品备注5', '5单位', '0', '0.00', '1515557309728', '1515567507305');
INSERT INTO `product` VALUES ('1515576261752', '商品名称5', '5.00', '5', 'p.png', '商品描述5', '1', '商品备注5', '5单位', '0', '0.00', '1515557684767', '1515567548902');
INSERT INTO `product` VALUES ('1515576264299', '商品名称9', '9.00', '9', 'p.png', '商品描述9', '1', '商品备注9', '9单位', '0', '0.00', '1515557309728', '1515567662052');
INSERT INTO `product` VALUES ('1515576264590', '商品名称4', '4.00', '4', 'p.png', '商品描述4', '1', '商品备注4', '4单位', '0', '0.00', '1515557309728', '1515567678473');
INSERT INTO `product` VALUES ('1515576268658', '商品名称6', '6.00', '6', 'p.png', '商品描述6', '1', '商品备注6', '6单位', '0', '0.00', '1515557740606', '1515567705968');
INSERT INTO `product` VALUES ('1515576269968', '商品名称7', '7.00', '7', 'p.png', '商品描述7', '1', '商品备注7', '7单位', '0', '0.00', '1515557064589', '1515567548902');
INSERT INTO `product` VALUES ('1515576273725', '商品名称4', '4.00', '4', 'p.png', '商品描述4', '1', '商品备注4', '4单位', '0', '0.00', '1515557684767', '1515567672934');
INSERT INTO `product` VALUES ('1515576277568', '商品名称1', '1.00', '1', 'p.png', '商品描述1', '1', '商品备注1', '1单位', '0', '0.00', '1515557954147', '1515567662052');
INSERT INTO `product` VALUES ('1515576284978', '商品名称7', '7.00', '7', 'p.png', '商品描述7', '1', '商品备注7', '7单位', '0', '0.00', '1515557740606', '1515567216824');
INSERT INTO `product` VALUES ('1515576286910', '商品名称8', '8.00', '8', 'p.png', '商品描述8', '1', '商品备注8', '8单位', '0', '0.00', '1515557723921', '1515567851722');
INSERT INTO `product` VALUES ('1515576288564', '商品名称2', '2.00', '2', 'p.png', '商品描述2', '1', '商品备注2', '2单位', '0', '0.00', '1515557740606', '1515567033782');
INSERT INTO `product` VALUES ('1515576289041', '商品名称9', '9.00', '9', 'p.png', '商品描述9', '1', '商品备注9', '9单位', '0', '0.00', '1515557954147', '1515567082566');
INSERT INTO `product` VALUES ('1515576289085', '商品名称4', '4.00', '4', 'p.png', '商品描述4', '1', '商品备注4', '4单位', '0', '0.00', '1515557723921', '1515567149563');
INSERT INTO `product` VALUES ('1515576289682', '商品名称5', '5.00', '5', 'p.png', '商品描述5', '1', '商品备注5', '5单位', '0', '0.00', '1515557740606', '1515567658402');
INSERT INTO `product` VALUES ('1515576289994', '商品名称7', '7.00', '7', 'p.png', '商品描述7', '1', '商品备注7', '7单位', '0', '0.00', '1515557064589', '1515567705968');
INSERT INTO `product` VALUES ('1515576293550', '商品名称8', '8.00', '8', 'p.png', '商品描述8', '1', '商品备注8', '8单位', '0', '0.00', '1515557954147', '1515567225678');
INSERT INTO `product` VALUES ('1515576297141', '商品名称2', '2.00', '2', 'p.png', '商品描述2', '1', '商品备注2', '2单位', '0', '0.00', '1515557954147', '1515567705968');
INSERT INTO `product` VALUES ('1515576298140', '商品名称1', '1.00', '1', 'p.png', '商品描述1', '1', '商品备注1', '1单位', '0', '0.00', '1515557723921', '1515567203574');
INSERT INTO `product` VALUES ('1515576298227', '商品名称2', '2.00', '2', 'p.png', '商品描述2', '1', '商品备注2', '2单位', '0', '0.00', '1515557723921', '1515567709725');
INSERT INTO `product` VALUES ('1515576305297', '商品名称9', '9.00', '9', 'p.png', '商品描述9', '1', '商品备注9', '9单位', '0', '0.00', '1515557740606', '1515567203574');
INSERT INTO `product` VALUES ('1515576306091', '商品名称1', '1.00', '1', 'p.png', '商品描述1', '1', '商品备注1', '1单位', '0', '0.00', '1515557740606', '1515567082566');
INSERT INTO `product` VALUES ('1515576316783', '商品名称2', '2.00', '2', 'p.png', '商品描述2', '1', '商品备注2', '2单位', '0', '0.00', '1515557954147', '1515567712883');
INSERT INTO `product` VALUES ('1515576324166', '商品名称2', '2.00', '2', 'p.png', '商品描述2', '1', '商品备注2', '2单位', '0', '0.00', '1515557723921', '1515567203574');
INSERT INTO `product` VALUES ('1515576324992', '商品名称3', '3.00', '3', 'p.png', '商品描述3', '1', '商品备注3', '3单位', '0', '0.00', '1515557723921', '1515567678473');
INSERT INTO `product` VALUES ('1515576325501', '商品名称3', '3.00', '3', 'p.png', '商品描述3', '1', '商品备注3', '3单位', '0', '0.00', '1515557064589', '1515567474859');
INSERT INTO `product` VALUES ('1515576335234', '商品名称6', '6.00', '6', 'p.png', '商品描述6', '1', '商品备注6', '6单位', '0', '0.00', '1515557740606', '1515567861735');
INSERT INTO `product` VALUES ('1515576337965', '商品名称7', '7.00', '7', 'p.png', '商品描述7', '1', '商品备注7', '7单位', '0', '0.00', '1515557684767', '1515567078469');
INSERT INTO `product` VALUES ('1515576338613', '商品名称3', '3.00', '3', 'p.png', '商品描述3', '1', '商品备注3', '3单位', '0', '0.00', '1515557954147', '1515567861735');
INSERT INTO `product` VALUES ('1515576339606', '商品名称9', '9.00', '9', 'p.png', '商品描述9', '1', '商品备注9', '9单位', '0', '0.00', '1515557309728', '1515567775797');
INSERT INTO `product` VALUES ('1515576342152', '商品名称5', '5.00', '5', 'p.png', '商品描述5', '1', '商品备注5', '5单位', '0', '0.00', '1515557740606', '1515567678473');
INSERT INTO `product` VALUES ('1515576345117', '商品名称3', '3.00', '3', 'p.png', '商品描述3', '1', '商品备注3', '3单位', '0', '0.00', '1515557684767', '1515567627606');
INSERT INTO `product` VALUES ('1515576347995', '商品名称1', '1.00', '1', 'p.png', '商品描述1', '1', '商品备注1', '1单位', '0', '0.00', '1515557723921', '1515567078469');
INSERT INTO `product` VALUES ('1515576349689', '商品名称4', '4.00', '4', 'p.png', '商品描述4', '1', '商品备注4', '4单位', '0', '0.00', '1515557740606', '1515567251796');
INSERT INTO `product` VALUES ('1515576360186', '商品名称2', '2.00', '2', 'p.png', '商品描述2', '1', '商品备注2', '2单位', '0', '0.00', '1515557740606', '1515567225678');
INSERT INTO `product` VALUES ('1515576360690', '商品名称9', '9.00', '9', 'p.png', '商品描述9', '1', '商品备注9', '9单位', '0', '0.00', '1515557309728', '1515567855952');
INSERT INTO `product` VALUES ('1515576367266', '商品名称7', '7.00', '7', 'p.png', '商品描述7', '1', '商品备注7', '7单位', '0', '0.00', '1515557723921', '1515567851722');
INSERT INTO `product` VALUES ('1515576371293', '商品名称3', '3.00', '3', 'p.png', '商品描述3', '1', '商品备注3', '3单位', '0', '0.00', '1515557723921', '1515567078469');
INSERT INTO `product` VALUES ('1515576373755', '商品名称3', '3.00', '3', 'p.png', '商品描述3', '1', '商品备注3', '3单位', '0', '0.00', '1515557740606', '1515567705968');
INSERT INTO `product` VALUES ('1515576379505', '商品名称1', '1.00', '1', 'p.png', '商品描述1', '1', '商品备注1', '1单位', '0', '0.00', '1515557064589', '1515567216824');
INSERT INTO `product` VALUES ('1515576379885', '商品名称9', '9.00', '9', 'p.png', '商品描述9', '1', '商品备注9', '9单位', '0', '0.00', '1515557740606', '1515567672934');
INSERT INTO `product` VALUES ('1515576383210', '商品名称6', '6.00', '6', 'p.png', '商品描述6', '1', '商品备注6', '6单位', '0', '0.00', '1515557740606', '1515567678473');
INSERT INTO `product` VALUES ('1515576386196', '商品名称1', '1.00', '1', 'p.png', '商品描述1', '1', '商品备注1', '1单位', '0', '0.00', '1515557064589', '1515567152567');
INSERT INTO `product` VALUES ('1515576387836', '商品名称6', '6.00', '6', 'p.png', '商品描述6', '1', '商品备注6', '6单位', '0', '0.00', '1515557740606', '1515567449883');
INSERT INTO `product` VALUES ('1515576389241', '商品名称8', '8.00', '8', 'p.png', '商品描述8', '1', '商品备注8', '8单位', '0', '0.00', '1515557309728', '1515567761702');
INSERT INTO `product` VALUES ('1515576402080', '商品名称4', '4.00', '4', 'p.png', '商品描述4', '1', '商品备注4', '4单位', '0', '0.00', '1515557684767', '1515567662052');
INSERT INTO `product` VALUES ('1515576403847', '商品名称5', '5.00', '5', 'p.png', '商品描述5', '1', '商品备注5', '5单位', '0', '0.00', '1515557954147', '1515567140661');
INSERT INTO `product` VALUES ('1515576406957', '商品名称8', '8.00', '8', 'p.png', '商品描述8', '1', '商品备注8', '8单位', '0', '0.00', '1515557723921', '1515567251796');
INSERT INTO `product` VALUES ('1515576410446', '商品名称5', '5.00', '5', 'p.png', '商品描述5', '1', '商品备注5', '5单位', '0', '0.00', '1515557723921', '1515567851722');
INSERT INTO `product` VALUES ('1515576416367', '商品名称1', '1.00', '1', 'p.png', '商品描述1', '1', '商品备注1', '1单位', '0', '0.00', '1515557309728', '1515567033782');
INSERT INTO `product` VALUES ('1515576416944', '商品名称5', '5.00', '5', 'p.png', '商品描述5', '1', '商品备注5', '5单位', '0', '0.00', '1515557740606', '1515567449883');
INSERT INTO `product` VALUES ('1515576430411', '商品名称1', '1.00', '1', 'p.png', '商品描述1', '1', '商品备注1', '1单位', '0', '0.00', '1515557684767', '1515567449883');
INSERT INTO `product` VALUES ('1515576430457', '商品名称4', '4.00', '4', 'p.png', '商品描述4', '1', '商品备注4', '4单位', '0', '0.00', '1515557684767', '1515567152567');
INSERT INTO `product` VALUES ('1515576439914', '商品名称1', '1.00', '1', 'p.png', '商品描述1', '1', '商品备注1', '1单位', '0', '0.00', '1515557309728', '1515567775797');
INSERT INTO `product` VALUES ('1515576442118', '商品名称7', '7.00', '7', 'p.png', '商品描述7', '1', '商品备注7', '7单位', '0', '0.00', '1515557309728', '1515567507305');
INSERT INTO `product` VALUES ('1515576444968', '商品名称6', '6.00', '6', 'p.png', '商品描述6', '1', '商品备注6', '6单位', '0', '0.00', '1515557684767', '1515567627606');
INSERT INTO `product` VALUES ('1515576445753', '商品名称8', '8.00', '8', 'p.png', '商品描述8', '1', '商品备注8', '8单位', '0', '0.00', '1515557740606', '1515567078469');
INSERT INTO `product` VALUES ('1515576448112', '商品名称5', '5.00', '5', 'p.png', '商品描述5', '1', '商品备注5', '5单位', '0', '0.00', '1515557740606', '1515567761702');
INSERT INTO `product` VALUES ('1515576454064', '商品名称6', '6.00', '6', 'p.png', '商品描述6', '1', '商品备注6', '6单位', '0', '0.00', '1515557309728', '1515567761702');
INSERT INTO `product` VALUES ('1515576454681', '商品名称4', '4.00', '4', 'p.png', '商品描述4', '1', '商品备注4', '4单位', '0', '0.00', '1515557064589', '1515567775797');
INSERT INTO `product` VALUES ('1515576463872', '商品名称2', '2.00', '2', 'p.png', '商品描述2', '1', '商品备注2', '2单位', '0', '0.00', '1515557740606', '1515567251796');
INSERT INTO `product` VALUES ('1515576465120', '商品名称5', '5.00', '5', 'p.png', '商品描述5', '1', '商品备注5', '5单位', '0', '0.00', '1515557723921', '1515567089620');
INSERT INTO `product` VALUES ('1515576465451', '商品名称3', '3.00', '3', 'p.png', '商品描述3', '1', '商品备注3', '3单位', '0', '0.00', '1515557954147', '1515567401926');
INSERT INTO `product` VALUES ('1515576466676', '商品名称3', '3.00', '3', 'p.png', '商品描述3', '1', '商品备注3', '3单位', '0', '0.00', '1515557740606', '1515567449883');
INSERT INTO `product` VALUES ('1515576468831', '商品名称9', '9.00', '9', 'p.png', '商品描述9', '1', '商品备注9', '9单位', '0', '0.00', '1515557064589', '1515567709725');
INSERT INTO `product` VALUES ('1515576470204', '商品名称9', '9.00', '9', 'p.png', '商品描述9', '1', '商品备注9', '9单位', '0', '0.00', '1515557740606', '1515567741677');
INSERT INTO `product` VALUES ('1515576472830', '商品名称1', '1.00', '1', 'p.png', '商品描述1', '1', '商品备注1', '1单位', '0', '0.00', '1515557309728', '1515567089620');
INSERT INTO `product` VALUES ('1515576472868', '商品名称5', '5.00', '5', 'p.png', '商品描述5', '1', '商品备注5', '5单位', '0', '0.00', '1515557723921', '1515567672934');
INSERT INTO `product` VALUES ('1515576476602', '商品名称9', '9.00', '9', 'p.png', '商品描述9', '1', '商品备注9', '9单位', '0', '0.00', '1515557064589', '1515567216824');
INSERT INTO `product` VALUES ('1515576477281', '商品名称8', '8.00', '8', 'p.png', '商品描述8', '1', '商品备注8', '8单位', '0', '0.00', '1515557723921', '1515567152567');
INSERT INTO `product` VALUES ('1515576482106', '商品名称7', '7.00', '7', 'p.png', '商品描述7', '1', '商品备注7', '7单位', '0', '0.00', '1515557723921', '1515567082566');
INSERT INTO `product` VALUES ('1515576488074', '商品名称9', '9.00', '9', 'p.png', '商品描述9', '1', '商品备注9', '9单位', '0', '0.00', '1515557064589', '1515567861735');
INSERT INTO `product` VALUES ('1515576488306', '商品名称9', '9.00', '9', 'p.png', '商品描述9', '1', '商品备注9', '9单位', '0', '0.00', '1515557740606', '1515567225678');
INSERT INTO `product` VALUES ('1515576498117', '商品名称8', '8.00', '8', 'p.png', '商品描述8', '1', '商品备注8', '8单位', '0', '0.00', '1515557954147', '1515567149563');
INSERT INTO `product` VALUES ('1515576498876', '商品名称7', '7.00', '7', 'p.png', '商品描述7', '1', '商品备注7', '7单位', '0', '0.00', '1515557309728', '1515567709725');
INSERT INTO `product` VALUES ('1515576499221', '商品名称1', '1.00', '1', 'p.png', '商品描述1', '1', '商品备注1', '1单位', '0', '0.00', '1515557954147', '1515567761702');
INSERT INTO `product` VALUES ('1515576500448', '商品名称2', '2.00', '2', 'p.png', '商品描述2', '1', '商品备注2', '2单位', '0', '0.00', '1515557064589', '1515567678473');
INSERT INTO `product` VALUES ('1515576504222', '商品名称7', '7.00', '7', 'p.png', '商品描述7', '1', '商品备注7', '7单位', '0', '0.00', '1515557740606', '1515567662052');
INSERT INTO `product` VALUES ('1515576506561', '商品名称9', '9.00', '9', 'p.png', '商品描述9', '1', '商品备注9', '9单位', '0', '0.00', '1515557723921', '1515567761702');

-- ----------------------------
-- Table structure for product_category
-- ----------------------------
DROP TABLE IF EXISTS `product_category`;
CREATE TABLE `product_category` (
  `category_id` bigint(20) NOT NULL,
  `category_name` varchar(64) NOT NULL,
  `category_icon` varchar(512) DEFAULT NULL,
  PRIMARY KEY (`category_id`),
  UNIQUE KEY `category_name` (`category_name`)
) ENGINE=InnoDB DEFAULT CHARSET=utf8mb4;

-- ----------------------------
-- Records of product_category
-- ----------------------------
INSERT INTO `product_category` VALUES ('1515557064589', '蔬菜', 'pc1.png');
INSERT INTO `product_category` VALUES ('1515557258011', '肉类', 'pc2.png');
INSERT INTO `product_category` VALUES ('1515557309728', '其他', 'pc3.png');
INSERT INTO `product_category` VALUES ('1515557489486', '海鲜', 'pc4.png');
INSERT INTO `product_category` VALUES ('1515557684767', '干货', 'pc5.png');
INSERT INTO `product_category` VALUES ('1515557723921', '包点牛奶', 'pc6.png');
INSERT INTO `product_category` VALUES ('1515557740606', '调料', 'pc7.png');
INSERT INTO `product_category` VALUES ('1515557954147', '水果', 'pc8.png');

-- ----------------------------
-- Table structure for seller
-- ----------------------------
DROP TABLE IF EXISTS `seller`;
CREATE TABLE `seller` (
  `seller_id` bigint(20) NOT NULL,
  `seller_name` varchar(64) NOT NULL,
  `seller_phone` varchar(11) NOT NULL,
  `seller_photo` varchar(255) DEFAULT NULL,
  `seller_address` varchar(512) NOT NULL,
  `seller_state` int(11) NOT NULL DEFAULT '0',
  `idcard_number` varchar(32) NOT NULL,
  `idcard_fpicture` varchar(512) NOT NULL,
  `idcard_bpicture` varchar(512) NOT NULL,
  `create_time` datetime NOT NULL DEFAULT CURRENT_TIMESTAMP,
  `update_time` timestamp NOT NULL DEFAULT CURRENT_TIMESTAMP ON UPDATE CURRENT_TIMESTAMP,
  PRIMARY KEY (`seller_id`),
  UNIQUE KEY `idcard_number` (`idcard_number`)
) ENGINE=InnoDB DEFAULT CHARSET=utf8mb4;

-- ----------------------------
-- Records of seller
-- ----------------------------
INSERT INTO `seller` VALUES ('1515567065078', '卖家名称4', '卖家电话4', '4p.jpg', '卖家地址4', '0', '身份证号4', '4fp.jpg', '4bp.jpg', '2018-01-10 14:48:50', '2018-01-10 14:48:50');
INSERT INTO `seller` VALUES ('1515567070365', '卖家名称19', '卖家电话19', '19p.jpg', '卖家地址19', '0', '身份证号19', '19fp.jpg', '19bp.jpg', '2018-01-10 14:48:51', '2018-01-10 14:48:51');
INSERT INTO `seller` VALUES ('1515567157200', '卖家名称2', '卖家电话2', '2p.jpg', '卖家地址2', '0', '身份证号2', '2fp.jpg', '2bp.jpg', '2018-01-10 14:48:50', '2018-01-10 14:48:50');
INSERT INTO `seller` VALUES ('1515567157476', '卖家名称27', '卖家电话27', '27p.jpg', '卖家地址27', '0', '身份证号27', '27fp.jpg', '27bp.jpg', '2018-01-10 14:48:52', '2018-01-10 14:48:52');
INSERT INTO `seller` VALUES ('1515567200345', '卖家名称15', '卖家电话15', '15p.jpg', '卖家地址15', '0', '身份证号15', '15fp.jpg', '15bp.jpg', '2018-01-10 14:48:51', '2018-01-10 14:48:51');
INSERT INTO `seller` VALUES ('1515567240243', '卖家名称21', '卖家电话21', '21p.jpg', '卖家地址21', '0', '身份证号21', '21fp.jpg', '21bp.jpg', '2018-01-10 14:48:52', '2018-01-10 14:48:52');
INSERT INTO `seller` VALUES ('1515567280397', '卖家名称1', '卖家电话1', '1p.jpg', '卖家地址1', '0', '身份证号1', '1fp.jpg', '1bp.jpg', '2018-01-10 14:48:49', '2018-01-10 14:48:49');
INSERT INTO `seller` VALUES ('1515567323546', '卖家名称11', '卖家电话11', '11p.jpg', '卖家地址11', '0', '身份证号11', '11fp.jpg', '11bp.jpg', '2018-01-10 14:48:51', '2018-01-10 14:48:51');
INSERT INTO `seller` VALUES ('1515567331356', '卖家名称25', '卖家电话25', '25p.jpg', '卖家地址25', '0', '身份证号25', '25fp.jpg', '25bp.jpg', '2018-01-10 14:48:52', '2018-01-10 14:48:52');
INSERT INTO `seller` VALUES ('1515567331943', '卖家名称7', '卖家电话7', '7p.jpg', '卖家地址7', '0', '身份证号7', '7fp.jpg', '7bp.jpg', '2018-01-10 14:48:50', '2018-01-10 14:48:50');
INSERT INTO `seller` VALUES ('1515567342017', '卖家名称28', '卖家电话28', '28p.jpg', '卖家地址28', '0', '身份证号28', '28fp.jpg', '28bp.jpg', '2018-01-10 14:48:52', '2018-01-10 14:48:52');
INSERT INTO `seller` VALUES ('1515567362730', '卖家名称24', '卖家电话24', '24p.jpg', '卖家地址24', '0', '身份证号24', '24fp.jpg', '24bp.jpg', '2018-01-10 14:48:52', '2018-01-10 14:48:52');
INSERT INTO `seller` VALUES ('1515567378240', '卖家名称3', '卖家电话3', '3p.jpg', '卖家地址3', '0', '身份证号3', '3fp.jpg', '3bp.jpg', '2018-01-10 14:48:50', '2018-01-10 14:48:50');
INSERT INTO `seller` VALUES ('1515567399484', '卖家名称18', '卖家电话18', '18p.jpg', '卖家地址18', '0', '身份证号18', '18fp.jpg', '18bp.jpg', '2018-01-10 14:48:51', '2018-01-10 14:48:51');
INSERT INTO `seller` VALUES ('1515567428946', '卖家名称29', '卖家电话29', '29p.jpg', '卖家地址29', '0', '身份证号29', '29fp.jpg', '29bp.jpg', '2018-01-10 14:48:52', '2018-01-10 14:48:52');
INSERT INTO `seller` VALUES ('1515567435946', '卖家名称30', '卖家电话30', '30p.jpg', '卖家地址30', '0', '身份证号30', '30fp.jpg', '30bp.jpg', '2018-01-10 14:48:53', '2018-01-10 14:48:53');
INSERT INTO `seller` VALUES ('1515567454772', '卖家名称20', '卖家电话20', '20p.jpg', '卖家地址20', '0', '身份证号20', '20fp.jpg', '20bp.jpg', '2018-01-10 14:48:51', '2018-01-10 14:48:51');
INSERT INTO `seller` VALUES ('1515567485528', '卖家名称23', '卖家电话23', '23p.jpg', '卖家地址23', '0', '身份证号23', '23fp.jpg', '23bp.jpg', '2018-01-10 14:48:52', '2018-01-10 14:48:52');
INSERT INTO `seller` VALUES ('1515567525046', '卖家名称13', '卖家电话13', '13p.jpg', '卖家地址13', '0', '身份证号13', '13fp.jpg', '13bp.jpg', '2018-01-10 14:48:51', '2018-01-10 14:48:51');
INSERT INTO `seller` VALUES ('1515567550083', '卖家名称5', '卖家电话5', '5p.jpg', '卖家地址5', '0', '身份证号5', '5fp.jpg', '5bp.jpg', '2018-01-10 14:48:50', '2018-01-10 14:48:50');
INSERT INTO `seller` VALUES ('1515567551649', '卖家名称6', '卖家电话6', '6p.jpg', '卖家地址6', '0', '身份证号6', '6fp.jpg', '6bp.jpg', '2018-01-10 14:48:50', '2018-01-10 14:48:50');
INSERT INTO `seller` VALUES ('1515567603758', '卖家名称26', '卖家电话26', '26p.jpg', '卖家地址26', '0', '身份证号26', '26fp.jpg', '26bp.jpg', '2018-01-10 14:48:52', '2018-01-10 14:48:52');
INSERT INTO `seller` VALUES ('1515567622023', '卖家名称8', '卖家电话8', '8p.jpg', '卖家地址8', '0', '身份证号8', '8fp.jpg', '8bp.jpg', '2018-01-10 14:48:50', '2018-01-10 14:48:50');
INSERT INTO `seller` VALUES ('1515567634108', '卖家名称12', '卖家电话12', '12p.jpg', '卖家地址12', '0', '身份证号12', '12fp.jpg', '12bp.jpg', '2018-01-10 14:48:51', '2018-01-10 14:48:51');
INSERT INTO `seller` VALUES ('1515567645494', '卖家名称22', '卖家电话22', '22p.jpg', '卖家地址22', '0', '身份证号22', '22fp.jpg', '22bp.jpg', '2018-01-10 14:48:52', '2018-01-10 14:48:52');
INSERT INTO `seller` VALUES ('1515567673674', '卖家名称9', '卖家电话9', '9p.jpg', '卖家地址9', '0', '身份证号9', '9fp.jpg', '9bp.jpg', '2018-01-10 14:48:50', '2018-01-10 14:48:50');
INSERT INTO `seller` VALUES ('1515567702126', '卖家名称14', '卖家电话14', '14p.jpg', '卖家地址14', '0', '身份证号14', '14fp.jpg', '14bp.jpg', '2018-01-10 14:48:51', '2018-01-10 14:48:51');
INSERT INTO `seller` VALUES ('1515567841778', '卖家名称16', '卖家电话16', '16p.jpg', '卖家地址16', '0', '身份证号16', '16fp.jpg', '16bp.jpg', '2018-01-10 14:48:51', '2018-01-10 14:48:51');
INSERT INTO `seller` VALUES ('1515567857717', '卖家名称17', '卖家电话17', '17p.jpg', '卖家地址17', '0', '身份证号17', '17fp.jpg', '17bp.jpg', '2018-01-10 14:48:51', '2018-01-10 14:48:51');
INSERT INTO `seller` VALUES ('1515567903784', '卖家名称10', '卖家电话10', '10p.jpg', '卖家地址10', '0', '身份证号10', '10fp.jpg', '10bp.jpg', '2018-01-10 14:48:50', '2018-01-10 14:48:50');

-- ----------------------------
-- Table structure for shop
-- ----------------------------
DROP TABLE IF EXISTS `shop`;
CREATE TABLE `shop` (
  `shop_id` bigint(20) NOT NULL,
  `shop_name` varchar(64) NOT NULL,
  `shop_address` varchar(512) NOT NULL,
  `shop_phone` varchar(16) NOT NULL,
  `shop_sale` int(11) NOT NULL DEFAULT '0',
  `shop_desc` varchar(256) DEFAULT NULL,
  `shop_grade` int(11) NOT NULL DEFAULT '0',
  `shop_state` int(11) NOT NULL DEFAULT '0',
  `limit_price` decimal(10,2) NOT NULL DEFAULT '0.00',
  `send_price` decimal(10,2) NOT NULL DEFAULT '0.00',
  `work_time` time NOT NULL,
  `is_recom` tinyint(1) NOT NULL DEFAULT '0',
  `recom_order` int(11) NOT NULL DEFAULT '0',
  `seller_id` bigint(20) NOT NULL,
  PRIMARY KEY (`shop_id`)
) ENGINE=InnoDB DEFAULT CHARSET=utf8mb4;

-- ----------------------------
-- Records of shop
-- ----------------------------
INSERT INTO `shop` VALUES ('1515567033782', '商店名称10', '商店地址10', '商店电话10', '10', '商店描述10', '2', '1', '0.00', '10.00', '14:48:51', '1', '10', '1515567903784');
INSERT INTO `shop` VALUES ('1515567078469', '商店名称9', '商店地址9', '商店电话9', '9', '商店描述9', '1', '0', '0.00', '9.00', '14:48:51', '1', '9', '1515567673674');
INSERT INTO `shop` VALUES ('1515567082566', '商店名称28', '商店地址28', '商店电话28', '28', '商店描述28', '2', '1', '28.00', '28.00', '14:48:53', '0', '28', '1515567342017');
INSERT INTO `shop` VALUES ('1515567089620', '商店名称23', '商店地址23', '商店电话23', '23', '商店描述23', '4', '1', '23.00', '23.00', '14:48:52', '0', '23', '1515567485528');
INSERT INTO `shop` VALUES ('1515567140661', '商店名称6', '商店地址6', '商店电话6', '6', '商店描述6', '3', '1', '4.00', '6.00', '14:48:50', '1', '6', '1515567551649');
INSERT INTO `shop` VALUES ('1515567149563', '商店名称3', '商店地址3', '商店电话3', '3', '商店描述3', '2', '1', '3.00', '3.00', '14:48:50', '1', '3', '1515567378240');
INSERT INTO `shop` VALUES ('1515567152567', '商店名称19', '商店地址19', '商店电话19', '19', '商店描述19', '4', '1', '19.00', '19.00', '14:48:52', '0', '19', '1515567070365');
INSERT INTO `shop` VALUES ('1515567203574', '商店名称27', '商店地址27', '商店电话27', '27', '商店描述27', '1', '1', '0.00', '27.00', '14:48:52', '0', '27', '1515567157476');
INSERT INTO `shop` VALUES ('1515567216824', '商店名称30', '商店地址30', '商店电话30', '30', '商店描述30', '1', '1', '30.00', '30.00', '14:48:53', '0', '30', '1515567435946');
INSERT INTO `shop` VALUES ('1515567225678', '商店名称4', '商店地址4', '商店电话4', '4', '商店描述4', '1', '1', '4.00', '4.00', '14:48:50', '1', '4', '1515567065078');
INSERT INTO `shop` VALUES ('1515567251796', '商店名称24', '商店地址24', '商店电话24', '24', '商店描述24', '4', '1', '24.00', '24.00', '14:48:52', '0', '24', '1515567362730');
INSERT INTO `shop` VALUES ('1515567401926', '商店名称11', '商店地址11', '商店电话11', '11', '商店描述11', '3', '1', '11.00', '11.00', '14:48:51', '0', '11', '1515567323546');
INSERT INTO `shop` VALUES ('1515567449883', '商店名称18', '商店地址18', '商店电话18', '18', '商店描述18', '3', '1', '18.00', '18.00', '14:48:52', '0', '18', '1515567399484');
INSERT INTO `shop` VALUES ('1515567474859', '商店名称7', '商店地址7', '商店电话7', '7', '商店描述7', '0', '1', '7.00', '7.00', '14:48:50', '1', '7', '1515567331943');
INSERT INTO `shop` VALUES ('1515567507305', '商店名称20', '商店地址20', '商店电话20', '20', '商店描述20', '4', '1', '20.00', '20.00', '14:48:52', '0', '20', '1515567454772');
INSERT INTO `shop` VALUES ('1515567548902', '商店名称29', '商店地址29', '商店电话29', '29', '商店描述29', '3', '1', '29.00', '29.00', '14:48:53', '0', '29', '1515567428946');
INSERT INTO `shop` VALUES ('1515567627606', '商店名称1', '商店地址1', '商店电话1', '1', '商店描述1', '3', '1', '1.00', '1.00', '14:48:50', '1', '1', '1515567280397');
INSERT INTO `shop` VALUES ('1515567658402', '商店名称15', '商店地址15', '商店电话15', '15', '商店描述15', '3', '1', '15.00', '15.00', '14:48:51', '0', '15', '1515567200345');
INSERT INTO `shop` VALUES ('1515567662052', '商店名称25', '商店地址25', '商店电话25', '25', '商店描述25', '0', '1', '25.00', '25.00', '14:48:52', '0', '25', '1515567331356');
INSERT INTO `shop` VALUES ('1515567672934', '商店名称5', '商店地址5', '商店电话5', '5', '商店描述5', '3', '1', '5.00', '5.00', '14:48:50', '1', '5', '1515567550083');
INSERT INTO `shop` VALUES ('1515567678473', '商店名称2', '商店地址2', '商店电话2', '2', '商店描述2', '1', '1', '2.00', '2.00', '14:48:50', '1', '2', '1515567157200');
INSERT INTO `shop` VALUES ('1515567705968', '商店名称21', '商店地址21', '商店电话21', '21', '商店描述21', '1', '1', '21.00', '21.00', '14:48:52', '0', '21', '1515567240243');
INSERT INTO `shop` VALUES ('1515567709725', '商店名称16', '商店地址16', '商店电话16', '16', '商店描述16', '2', '0', '1.00', '16.00', '14:48:51', '0', '16', '1515567841778');
INSERT INTO `shop` VALUES ('1515567712883', '商店名称14', '商店地址14', '商店电话14', '14', '商店描述14', '3', '1', '14.00', '14.00', '14:48:51', '0', '14', '1515567702126');
INSERT INTO `shop` VALUES ('1515567741677', '商店名称12', '商店地址12', '商店电话12', '12', '商店描述12', '2', '1', '12.00', '12.00', '14:48:51', '0', '12', '1515567634108');
INSERT INTO `shop` VALUES ('1515567761702', '商店名称17', '商店地址17', '商店电话17', '17', '商店描述17', '2', '1', '17.00', '17.00', '14:48:51', '0', '17', '1515567857717');
INSERT INTO `shop` VALUES ('1515567775797', '商店名称8', '商店地址8', '商店电话8', '8', '商店描述8', '2', '1', '8.00', '8.00', '14:48:50', '1', '8', '1515567622023');
INSERT INTO `shop` VALUES ('1515567851722', '商店名称22', '商店地址22', '商店电话22', '22', '商店描述22', '1', '1', '0.00', '22.00', '14:48:52', '0', '22', '1515567645494');
INSERT INTO `shop` VALUES ('1515567855952', '商店名称26', '商店地址26', '商店电话26', '26', '商店描述26', '0', '1', '26.00', '26.00', '14:48:52', '0', '26', '1515567603758');
INSERT INTO `shop` VALUES ('1515567861735', '商店名称13', '商店地址13', '商店电话13', '13', '商店描述13', '0', '1', '13.00', '13.00', '14:48:51', '0', '13', '1515567525046');

-- ----------------------------
-- Table structure for shop_comment
-- ----------------------------
DROP TABLE IF EXISTS `shop_comment`;
CREATE TABLE `shop_comment` (
  `comment_id` bigint(20) NOT NULL,
  `comment_grade` int(11) DEFAULT NULL,
  `comment_content` varchar(256) DEFAULT NULL,
  `comment_picture` varchar(512) DEFAULT NULL,
  `shop_id` bigint(20) DEFAULT NULL,
  `user_id` bigint(20) DEFAULT NULL,
  `order_id` bigint(20) DEFAULT NULL,
  PRIMARY KEY (`comment_id`)
) ENGINE=InnoDB DEFAULT CHARSET=utf8mb4;

-- ----------------------------
-- Records of shop_comment
-- ----------------------------
INSERT INTO `shop_comment` VALUES ('1515662906662', '1', '商品评论4', '4.jpg', '1515567203574', '2', null);
INSERT INTO `shop_comment` VALUES ('1515662918591', '3', '商品评论1', '1.jpg', '1515567861735', '2', null);
INSERT INTO `shop_comment` VALUES ('1515662921810', '2', '商品评论2', '2.jpg', '1515567216824', '3', null);
INSERT INTO `shop_comment` VALUES ('1515662923955', '5', '商品评论2', '2.jpg', '1515567662052', '2', null);
INSERT INTO `shop_comment` VALUES ('1515662931765', '5', '商品评论2', '2.jpg', '1515567474859', '1', null);
INSERT INTO `shop_comment` VALUES ('1515662942580', '3', '商品评论5', '5.jpg', '1515567709725', '1', null);
INSERT INTO `shop_comment` VALUES ('1515662948308', '5', '商品评论4', '4.jpg', '1515567225678', '3', null);
INSERT INTO `shop_comment` VALUES ('1515662950258', '4', '商品评论5', '5.jpg', '1515567712883', '2', null);
INSERT INTO `shop_comment` VALUES ('1515662956190', '3', '商品评论6', '6.jpg', '1515567251796', '1', null);
INSERT INTO `shop_comment` VALUES ('1515662975556', '4', '商品评论3', '3.jpg', '1515567658402', '3', null);
INSERT INTO `shop_comment` VALUES ('1515662981823', '4', '商品评论3', '3.jpg', '1515567089620', '2', null);
INSERT INTO `shop_comment` VALUES ('1515662984648', '2', '商品评论6', '6.jpg', '1515567033782', '2', null);
INSERT INTO `shop_comment` VALUES ('1515662984781', '4', '商品评论5', '5.jpg', '1515567672934', '2', null);
INSERT INTO `shop_comment` VALUES ('1515662985045', '3', '商品评论5', '5.jpg', '1515567033782', '2', null);
INSERT INTO `shop_comment` VALUES ('1515662988436', '3', '商品评论4', '4.jpg', '1515567761702', '2', null);
INSERT INTO `shop_comment` VALUES ('1515662996747', '2', '商品评论1', '1.jpg', '1515567761702', '2', null);
INSERT INTO `shop_comment` VALUES ('1515663001057', '3', '商品评论5', '5.jpg', '1515567851722', '1', null);
INSERT INTO `shop_comment` VALUES ('1515663010270', '5', '商品评论2', '2.jpg', '1515567140661', '1', null);
INSERT INTO `shop_comment` VALUES ('1515663011653', '2', '商品评论2', '2.jpg', '1515567082566', '2', null);
INSERT INTO `shop_comment` VALUES ('1515663012260', '2', '商品评论2', '2.jpg', '1515567712883', '3', null);
INSERT INTO `shop_comment` VALUES ('1515663019007', '3', '商品评论5', '5.jpg', '1515567216824', '2', null);
INSERT INTO `shop_comment` VALUES ('1515663023402', '2', '商品评论4', '4.jpg', '1515567152567', '1', null);
INSERT INTO `shop_comment` VALUES ('1515663036575', '4', '商品评论3', '3.jpg', '1515567401926', '1', null);
INSERT INTO `shop_comment` VALUES ('1515663046985', '4', '商品评论2', '2.jpg', '1515567851722', '1', null);
INSERT INTO `shop_comment` VALUES ('1515663054228', '1', '商品评论3', '3.jpg', '1515567140661', '2', null);
INSERT INTO `shop_comment` VALUES ('1515663061806', '3', '商品评论4', '4.jpg', '1515567658402', '3', null);
INSERT INTO `shop_comment` VALUES ('1515663063732', '5', '商品评论4', '4.jpg', '1515567140661', '3', null);
INSERT INTO `shop_comment` VALUES ('1515663064373', '3', '商品评论6', '6.jpg', '1515567678473', '3', null);
INSERT INTO `shop_comment` VALUES ('1515663074855', '1', '商品评论1', '1.jpg', '1515567672934', '3', null);
INSERT INTO `shop_comment` VALUES ('1515663081996', '2', '商品评论2', '2.jpg', '1515567033782', '1', null);
INSERT INTO `shop_comment` VALUES ('1515663090679', '3', '商品评论4', '4.jpg', '1515567548902', '3', null);
INSERT INTO `shop_comment` VALUES ('1515663091650', '5', '商品评论1', '1.jpg', '1515567140661', '3', null);
INSERT INTO `shop_comment` VALUES ('1515663098016', '5', '商品评论1', '1.jpg', '1515567089620', '2', null);
INSERT INTO `shop_comment` VALUES ('1515663111752', '5', '商品评论1', '1.jpg', '1515567216824', '1', null);
INSERT INTO `shop_comment` VALUES ('1515663112309', '1', '商品评论3', '3.jpg', '1515567216824', '1', null);
INSERT INTO `shop_comment` VALUES ('1515663117285', '3', '商品评论6', '6.jpg', '1515567761702', '1', null);
INSERT INTO `shop_comment` VALUES ('1515663117918', '1', '商品评论5', '5.jpg', '1515567082566', '2', null);
INSERT INTO `shop_comment` VALUES ('1515663123770', '2', '商品评论5', '5.jpg', '1515567775797', '3', null);
INSERT INTO `shop_comment` VALUES ('1515663127447', '2', '商品评论1', '1.jpg', '1515567741677', '1', null);
INSERT INTO `shop_comment` VALUES ('1515663136362', '4', '商品评论5', '5.jpg', '1515567203574', '2', null);
INSERT INTO `shop_comment` VALUES ('1515663148272', '3', '商品评论6', '6.jpg', '1515567861735', '1', null);
INSERT INTO `shop_comment` VALUES ('1515663153774', '2', '商品评论5', '5.jpg', '1515567548902', '1', null);
INSERT INTO `shop_comment` VALUES ('1515663155851', '2', '商品评论4', '4.jpg', '1515567712883', '1', null);
INSERT INTO `shop_comment` VALUES ('1515663163277', '4', '商品评论6', '6.jpg', '1515567658402', '2', null);
INSERT INTO `shop_comment` VALUES ('1515663163446', '1', '商品评论2', '2.jpg', '1515567761702', '3', null);
INSERT INTO `shop_comment` VALUES ('1515663165071', '1', '商品评论3', '3.jpg', '1515567627606', '3', null);
INSERT INTO `shop_comment` VALUES ('1515663171990', '3', '商品评论4', '4.jpg', '1515567033782', '1', null);
INSERT INTO `shop_comment` VALUES ('1515663173189', '4', '商品评论3', '3.jpg', '1515567775797', '3', null);
INSERT INTO `shop_comment` VALUES ('1515663178879', '4', '商品评论4', '4.jpg', '1515567149563', '2', null);
INSERT INTO `shop_comment` VALUES ('1515663181587', '4', '商品评论3', '3.jpg', '1515567855952', '1', null);
INSERT INTO `shop_comment` VALUES ('1515663186181', '2', '商品评论5', '5.jpg', '1515567474859', '3', null);
INSERT INTO `shop_comment` VALUES ('1515663188390', '2', '商品评论1', '1.jpg', '1515567678473', '1', null);
INSERT INTO `shop_comment` VALUES ('1515663195361', '4', '商品评论4', '4.jpg', '1515567741677', '1', null);
INSERT INTO `shop_comment` VALUES ('1515663195563', '3', '商品评论5', '5.jpg', '1515567152567', '3', null);
INSERT INTO `shop_comment` VALUES ('1515663202769', '5', '商品评论2', '2.jpg', '1515567627606', '3', null);
INSERT INTO `shop_comment` VALUES ('1515663216579', '3', '商品评论3', '3.jpg', '1515567709725', '1', null);
INSERT INTO `shop_comment` VALUES ('1515663222764', '4', '商品评论1', '1.jpg', '1515567401926', '3', null);
INSERT INTO `shop_comment` VALUES ('1515663226001', '4', '商品评论5', '5.jpg', '1515567678473', '1', null);
INSERT INTO `shop_comment` VALUES ('1515663226249', '5', '商品评论2', '2.jpg', '1515567078469', '1', null);
INSERT INTO `shop_comment` VALUES ('1515663230183', '4', '商品评论2', '2.jpg', '1515567678473', '2', null);
INSERT INTO `shop_comment` VALUES ('1515663231430', '3', '商品评论6', '6.jpg', '1515567089620', '3', null);
INSERT INTO `shop_comment` VALUES ('1515663233634', '3', '商品评论1', '1.jpg', '1515567705968', '1', null);
INSERT INTO `shop_comment` VALUES ('1515663239122', '5', '商品评论2', '2.jpg', '1515567401926', '1', null);
INSERT INTO `shop_comment` VALUES ('1515663244500', '1', '商品评论2', '2.jpg', '1515567741677', '2', null);
INSERT INTO `shop_comment` VALUES ('1515663259029', '4', '商品评论6', '6.jpg', '1515567149563', '1', null);
INSERT INTO `shop_comment` VALUES ('1515663264255', '5', '商品评论1', '1.jpg', '1515567251796', '1', null);
INSERT INTO `shop_comment` VALUES ('1515663265780', '5', '商品评论4', '4.jpg', '1515567089620', '1', null);
INSERT INTO `shop_comment` VALUES ('1515663266637', '2', '商品评论2', '2.jpg', '1515567225678', '2', null);
INSERT INTO `shop_comment` VALUES ('1515663268058', '3', '商品评论4', '4.jpg', '1515567662052', '3', null);
INSERT INTO `shop_comment` VALUES ('1515663282506', '3', '商品评论4', '4.jpg', '1515567216824', '2', null);
INSERT INTO `shop_comment` VALUES ('1515663283289', '1', '商品评论3', '3.jpg', '1515567548902', '3', null);
INSERT INTO `shop_comment` VALUES ('1515663285114', '2', '商品评论2', '2.jpg', '1515567861735', '3', null);
INSERT INTO `shop_comment` VALUES ('1515663291586', '5', '商品评论4', '4.jpg', '1515567507305', '1', null);
INSERT INTO `shop_comment` VALUES ('1515663297873', '4', '商品评论4', '4.jpg', '1515567855952', '2', null);
INSERT INTO `shop_comment` VALUES ('1515663299099', '3', '商品评论6', '6.jpg', '1515567709725', '2', null);
INSERT INTO `shop_comment` VALUES ('1515663299810', '4', '商品评论2', '2.jpg', '1515567089620', '3', null);
INSERT INTO `shop_comment` VALUES ('1515663302895', '4', '商品评论4', '4.jpg', '1515567851722', '2', null);
INSERT INTO `shop_comment` VALUES ('1515663306054', '2', '商品评论5', '5.jpg', '1515567251796', '3', null);
INSERT INTO `shop_comment` VALUES ('1515663306870', '1', '商品评论4', '4.jpg', '1515567678473', '3', null);
INSERT INTO `shop_comment` VALUES ('1515663308246', '3', '商品评论5', '5.jpg', '1515567449883', '1', null);
INSERT INTO `shop_comment` VALUES ('1515663310690', '2', '商品评论5', '5.jpg', '1515567627606', '3', null);
INSERT INTO `shop_comment` VALUES ('1515663313583', '2', '商品评论4', '4.jpg', '1515567082566', '2', null);
INSERT INTO `shop_comment` VALUES ('1515663315116', '3', '商品评论6', '6.jpg', '1515567082566', '3', null);
INSERT INTO `shop_comment` VALUES ('1515663317449', '3', '商品评论3', '3.jpg', '1515567474859', '2', null);
INSERT INTO `shop_comment` VALUES ('1515663318353', '1', '商品评论2', '2.jpg', '1515567152567', '1', null);
INSERT INTO `shop_comment` VALUES ('1515663318471', '1', '商品评论4', '4.jpg', '1515567078469', '2', null);
INSERT INTO `shop_comment` VALUES ('1515663330879', '5', '商品评论3', '3.jpg', '1515567678473', '1', null);
INSERT INTO `shop_comment` VALUES ('1515663331232', '3', '商品评论5', '5.jpg', '1515567662052', '3', null);
INSERT INTO `shop_comment` VALUES ('1515663335534', '1', '商品评论2', '2.jpg', '1515567672934', '3', null);
INSERT INTO `shop_comment` VALUES ('1515663338193', '3', '商品评论1', '1.jpg', '1515567449883', '1', null);
INSERT INTO `shop_comment` VALUES ('1515663349669', '1', '商品评论5', '5.jpg', '1515567089620', '1', null);
INSERT INTO `shop_comment` VALUES ('1515663353771', '1', '商品评论5', '5.jpg', '1515567741677', '3', null);
INSERT INTO `shop_comment` VALUES ('1515663357777', '3', '商品评论4', '4.jpg', '1515567627606', '2', null);
INSERT INTO `shop_comment` VALUES ('1515663381350', '1', '商品评论1', '1.jpg', '1515567548902', '3', null);
INSERT INTO `shop_comment` VALUES ('1515663385755', '2', '商品评论2', '2.jpg', '1515567548902', '3', null);
INSERT INTO `shop_comment` VALUES ('1515663387466', '5', '商品评论2', '2.jpg', '1515567709725', '2', null);
INSERT INTO `shop_comment` VALUES ('1515663390581', '4', '商品评论1', '1.jpg', '1515567712883', '3', null);
INSERT INTO `shop_comment` VALUES ('1515663401176', '4', '商品评论5', '5.jpg', '1515567225678', '2', null);
INSERT INTO `shop_comment` VALUES ('1515663409582', '2', '商品评论5', '5.jpg', '1515567705968', '2', null);
INSERT INTO `shop_comment` VALUES ('1515663409926', '4', '商品评论5', '5.jpg', '1515567140661', '1', null);
INSERT INTO `shop_comment` VALUES ('1515663417268', '4', '商品评论6', '6.jpg', '1515567203574', '1', null);
INSERT INTO `shop_comment` VALUES ('1515663417384', '4', '商品评论1', '1.jpg', '1515567033782', '2', null);
INSERT INTO `shop_comment` VALUES ('1515663422205', '2', '商品评论5', '5.jpg', '1515567149563', '3', null);
INSERT INTO `shop_comment` VALUES ('1515663427641', '2', '商品评论6', '6.jpg', '1515567449883', '3', null);
INSERT INTO `shop_comment` VALUES ('1515663431683', '2', '商品评论2', '2.jpg', '1515567203574', '2', null);
INSERT INTO `shop_comment` VALUES ('1515663435716', '2', '商品评论3', '3.jpg', '1515567078469', '2', null);
INSERT INTO `shop_comment` VALUES ('1515663436868', '1', '商品评论1', '1.jpg', '1515567855952', '2', null);
INSERT INTO `shop_comment` VALUES ('1515663445947', '4', '商品评论6', '6.jpg', '1515567507305', '3', null);
INSERT INTO `shop_comment` VALUES ('1515663458886', '2', '商品评论4', '4.jpg', '1515567709725', '3', null);
INSERT INTO `shop_comment` VALUES ('1515663465800', '3', '商品评论3', '3.jpg', '1515567251796', '2', null);
INSERT INTO `shop_comment` VALUES ('1515663492929', '3', '商品评论4', '4.jpg', '1515567861735', '2', null);
INSERT INTO `shop_comment` VALUES ('1515663497975', '2', '商品评论3', '3.jpg', '1515567082566', '1', null);
INSERT INTO `shop_comment` VALUES ('1515663504026', '1', '商品评论6', '6.jpg', '1515567855952', '1', null);
INSERT INTO `shop_comment` VALUES ('1515663513505', '5', '商品评论3', '3.jpg', '1515567449883', '2', null);
INSERT INTO `shop_comment` VALUES ('1515663514585', '4', '商品评论1', '1.jpg', '1515567203574', '1', null);
INSERT INTO `shop_comment` VALUES ('1515663514616', '4', '商品评论2', '2.jpg', '1515567775797', '1', null);
INSERT INTO `shop_comment` VALUES ('1515663515461', '4', '商品评论2', '2.jpg', '1515567251796', '1', null);
INSERT INTO `shop_comment` VALUES ('1515663520979', '1', '商品评论3', '3.jpg', '1515567033782', '1', null);
INSERT INTO `shop_comment` VALUES ('1515663521285', '1', '商品评论1', '1.jpg', '1515567149563', '2', null);
INSERT INTO `shop_comment` VALUES ('1515663529305', '2', '商品评论1', '1.jpg', '1515567225678', '1', null);
INSERT INTO `shop_comment` VALUES ('1515663534154', '1', '商品评论6', '6.jpg', '1515567225678', '1', null);
INSERT INTO `shop_comment` VALUES ('1515663539324', '1', '商品评论1', '1.jpg', '1515567775797', '2', null);
INSERT INTO `shop_comment` VALUES ('1515663550549', '5', '商品评论1', '1.jpg', '1515567152567', '1', null);
INSERT INTO `shop_comment` VALUES ('1515663552339', '3', '商品评论6', '6.jpg', '1515567078469', '1', null);
INSERT INTO `shop_comment` VALUES ('1515663554503', '4', '商品评论5', '5.jpg', '1515567761702', '1', null);
INSERT INTO `shop_comment` VALUES ('1515663557398', '5', '商品评论6', '6.jpg', '1515567705968', '2', null);
INSERT INTO `shop_comment` VALUES ('1515663559750', '4', '商品评论3', '3.jpg', '1515567507305', '2', null);
INSERT INTO `shop_comment` VALUES ('1515663563526', '5', '商品评论1', '1.jpg', '1515567662052', '2', null);
INSERT INTO `shop_comment` VALUES ('1515663566423', '5', '商品评论3', '3.jpg', '1515567712883', '2', null);
INSERT INTO `shop_comment` VALUES ('1515663578854', '4', '商品评论6', '6.jpg', '1515567474859', '1', null);
INSERT INTO `shop_comment` VALUES ('1515663581032', '2', '商品评论4', '4.jpg', '1515567401926', '2', null);
INSERT INTO `shop_comment` VALUES ('1515663581836', '3', '商品评论1', '1.jpg', '1515567658402', '2', null);
INSERT INTO `shop_comment` VALUES ('1515663583488', '1', '商品评论4', '4.jpg', '1515567705968', '2', null);
INSERT INTO `shop_comment` VALUES ('1515663588103', '3', '商品评论3', '3.jpg', '1515567741677', '1', null);
INSERT INTO `shop_comment` VALUES ('1515663588117', '4', '商品评论5', '5.jpg', '1515567855952', '2', null);
INSERT INTO `shop_comment` VALUES ('1515663589746', '4', '商品评论1', '1.jpg', '1515567627606', '1', null);
INSERT INTO `shop_comment` VALUES ('1515663596575', '1', '商品评论6', '6.jpg', '1515567548902', '3', null);
INSERT INTO `shop_comment` VALUES ('1515663604125', '4', '商品评论6', '6.jpg', '1515567152567', '2', null);
INSERT INTO `shop_comment` VALUES ('1515663604873', '5', '商品评论3', '3.jpg', '1515567672934', '3', null);
INSERT INTO `shop_comment` VALUES ('1515663608279', '5', '商品评论1', '1.jpg', '1515567078469', '1', null);
INSERT INTO `shop_comment` VALUES ('1515663624774', '5', '商品评论4', '4.jpg', '1515567474859', '2', null);
INSERT INTO `shop_comment` VALUES ('1515663633244', '3', '商品评论6', '6.jpg', '1515567401926', '3', null);
INSERT INTO `shop_comment` VALUES ('1515663636354', '5', '商品评论6', '6.jpg', '1515567775797', '2', null);
INSERT INTO `shop_comment` VALUES ('1515663641574', '5', '商品评论2', '2.jpg', '1515567449883', '2', null);
INSERT INTO `shop_comment` VALUES ('1515663643061', '2', '商品评论1', '1.jpg', '1515567507305', '3', null);
INSERT INTO `shop_comment` VALUES ('1515663651065', '2', '商品评论5', '5.jpg', '1515567658402', '2', null);
INSERT INTO `shop_comment` VALUES ('1515663651524', '3', '商品评论4', '4.jpg', '1515567775797', '3', null);
INSERT INTO `shop_comment` VALUES ('1515663656029', '5', '商品评论3', '3.jpg', '1515567662052', '3', null);
INSERT INTO `shop_comment` VALUES ('1515663657904', '2', '商品评论3', '3.jpg', '1515567761702', '2', null);
INSERT INTO `shop_comment` VALUES ('1515663664221', '1', '商品评论4', '4.jpg', '1515567251796', '3', null);
INSERT INTO `shop_comment` VALUES ('1515663664736', '3', '商品评论3', '3.jpg', '1515567203574', '1', null);
INSERT INTO `shop_comment` VALUES ('1515663668311', '4', '商品评论2', '2.jpg', '1515567658402', '1', null);
INSERT INTO `shop_comment` VALUES ('1515663670276', '2', '商品评论6', '6.jpg', '1515567741677', '3', null);
INSERT INTO `shop_comment` VALUES ('1515663676342', '3', '商品评论2', '2.jpg', '1515567705968', '1', null);
INSERT INTO `shop_comment` VALUES ('1515663679869', '4', '商品评论3', '3.jpg', '1515567851722', '2', null);
INSERT INTO `shop_comment` VALUES ('1515663682208', '1', '商品评论4', '4.jpg', '1515567672934', '3', null);
INSERT INTO `shop_comment` VALUES ('1515663682620', '4', '商品评论6', '6.jpg', '1515567627606', '1', null);
INSERT INTO `shop_comment` VALUES ('1515663684274', '3', '商品评论5', '5.jpg', '1515567507305', '2', null);
INSERT INTO `shop_comment` VALUES ('1515663689637', '4', '商品评论2', '2.jpg', '1515567507305', '2', null);
INSERT INTO `shop_comment` VALUES ('1515663694634', '3', '商品评论2', '2.jpg', '1515567149563', '3', null);
INSERT INTO `shop_comment` VALUES ('1515663697297', '1', '商品评论1', '1.jpg', '1515567082566', '3', null);
INSERT INTO `shop_comment` VALUES ('1515663699836', '5', '商品评论6', '6.jpg', '1515567672934', '2', null);
INSERT INTO `shop_comment` VALUES ('1515663700579', '4', '商品评论6', '6.jpg', '1515567851722', '1', null);
INSERT INTO `shop_comment` VALUES ('1515663700924', '5', '商品评论5', '5.jpg', '1515567861735', '3', null);
INSERT INTO `shop_comment` VALUES ('1515663706603', '1', '商品评论4', '4.jpg', '1515567449883', '2', null);
INSERT INTO `shop_comment` VALUES ('1515663712331', '4', '商品评论5', '5.jpg', '1515567078469', '1', null);
INSERT INTO `shop_comment` VALUES ('1515663716807', '3', '商品评论3', '3.jpg', '1515567705968', '3', null);
INSERT INTO `shop_comment` VALUES ('1515663719378', '1', '商品评论3', '3.jpg', '1515567861735', '1', null);
INSERT INTO `shop_comment` VALUES ('1515663720904', '2', '商品评论3', '3.jpg', '1515567225678', '1', null);
INSERT INTO `shop_comment` VALUES ('1515663724479', '5', '商品评论3', '3.jpg', '1515567149563', '2', null);
INSERT INTO `shop_comment` VALUES ('1515663737384', '1', '商品评论5', '5.jpg', '1515567401926', '1', null);
INSERT INTO `shop_comment` VALUES ('1515663746293', '1', '商品评论1', '1.jpg', '1515567474859', '2', null);
INSERT INTO `shop_comment` VALUES ('1515663747357', '2', '商品评论6', '6.jpg', '1515567662052', '1', null);
INSERT INTO `shop_comment` VALUES ('1515663748992', '1', '商品评论6', '6.jpg', '1515567216824', '3', null);
INSERT INTO `shop_comment` VALUES ('1515663764816', '4', '商品评论6', '6.jpg', '1515567712883', '2', null);
INSERT INTO `shop_comment` VALUES ('1515663781879', '5', '商品评论1', '1.jpg', '1515567709725', '3', null);
INSERT INTO `shop_comment` VALUES ('1515663792884', '3', '商品评论6', '6.jpg', '1515567140661', '3', null);
INSERT INTO `shop_comment` VALUES ('1515663793368', '2', '商品评论1', '1.jpg', '1515567851722', '2', null);
INSERT INTO `shop_comment` VALUES ('1515663795183', '3', '商品评论3', '3.jpg', '1515567152567', '3', null);
INSERT INTO `shop_comment` VALUES ('1515663801543', '2', '商品评论2', '2.jpg', '1515567855952', '1', null);

-- ----------------------------
-- Table structure for shop_pcategory
-- ----------------------------
DROP TABLE IF EXISTS `shop_pcategory`;
CREATE TABLE `shop_pcategory` (
  `join_id` bigint(20) NOT NULL,
  `shop_id` bigint(20) DEFAULT NULL,
  `pcategory_id` bigint(20) DEFAULT NULL,
  PRIMARY KEY (`join_id`)
) ENGINE=InnoDB DEFAULT CHARSET=utf8mb4;

-- ----------------------------
-- Records of shop_pcategory
-- ----------------------------
INSERT INTO `shop_pcategory` VALUES ('1515568330781', '1515567627606', '1515557684767');
INSERT INTO `shop_pcategory` VALUES ('1515568332790', '1515567225678', '1515557309728');
INSERT INTO `shop_pcategory` VALUES ('1515568334091', '1515567152567', '1515557740606');
INSERT INTO `shop_pcategory` VALUES ('1515568343630', '1515567089620', '1515557954147');
INSERT INTO `shop_pcategory` VALUES ('1515568348722', '1515567140661', '1515557064589');
INSERT INTO `shop_pcategory` VALUES ('1515568357170', '1515567855952', '1515557723921');
INSERT INTO `shop_pcategory` VALUES ('1515568362595', '1515567662052', '1515557740606');
INSERT INTO `shop_pcategory` VALUES ('1515568365790', '1515567678473', '1515557723921');
INSERT INTO `shop_pcategory` VALUES ('1515568366418', '1515567149563', '1515557954147');
INSERT INTO `shop_pcategory` VALUES ('1515568369580', '1515567548902', '1515557064589');
INSERT INTO `shop_pcategory` VALUES ('1515568390174', '1515567216824', '1515557309728');
INSERT INTO `shop_pcategory` VALUES ('1515568390356', '1515567033782', '1515557064589');
INSERT INTO `shop_pcategory` VALUES ('1515568393611', '1515567775797', '1515557723921');
INSERT INTO `shop_pcategory` VALUES ('1515568394143', '1515567507305', '1515557064589');
INSERT INTO `shop_pcategory` VALUES ('1515568400792', '1515567152567', '1515557723921');
INSERT INTO `shop_pcategory` VALUES ('1515568401937', '1515567712883', '1515557309728');
INSERT INTO `shop_pcategory` VALUES ('1515568403417', '1515567149563', '1515557740606');
INSERT INTO `shop_pcategory` VALUES ('1515568406054', '1515567149563', '1515557489486');
INSERT INTO `shop_pcategory` VALUES ('1515568411916', '1515567709725', '1515557740606');
INSERT INTO `shop_pcategory` VALUES ('1515568419096', '1515567507305', '1515557740606');
INSERT INTO `shop_pcategory` VALUES ('1515568420785', '1515567627606', '1515557309728');
INSERT INTO `shop_pcategory` VALUES ('1515568426039', '1515567474859', '1515557258011');
INSERT INTO `shop_pcategory` VALUES ('1515568428263', '1515567140661', '1515557489486');
INSERT INTO `shop_pcategory` VALUES ('1515568438237', '1515567761702', '1515557954147');
INSERT INTO `shop_pcategory` VALUES ('1515568439317', '1515567775797', '1515557489486');
INSERT INTO `shop_pcategory` VALUES ('1515568440290', '1515567251796', '1515557064589');
INSERT INTO `shop_pcategory` VALUES ('1515568443456', '1515567761702', '1515557723921');
INSERT INTO `shop_pcategory` VALUES ('1515568444147', '1515567662052', '1515557064589');
INSERT INTO `shop_pcategory` VALUES ('1515568453608', '1515567658402', '1515557954147');
INSERT INTO `shop_pcategory` VALUES ('1515568457572', '1515567741677', '1515557740606');
INSERT INTO `shop_pcategory` VALUES ('1515568458881', '1515567449883', '1515557064589');
INSERT INTO `shop_pcategory` VALUES ('1515568458888', '1515567662052', '1515557258011');
INSERT INTO `shop_pcategory` VALUES ('1515568459877', '1515567140661', '1515557684767');
INSERT INTO `shop_pcategory` VALUES ('1515568462057', '1515567507305', '1515557723921');
INSERT INTO `shop_pcategory` VALUES ('1515568468290', '1515567712883', '1515557258011');
INSERT INTO `shop_pcategory` VALUES ('1515568468794', '1515567705968', '1515557309728');
INSERT INTO `shop_pcategory` VALUES ('1515568477948', '1515567033782', '1515557723921');
INSERT INTO `shop_pcategory` VALUES ('1515568480554', '1515567709725', '1515557723921');
INSERT INTO `shop_pcategory` VALUES ('1515568486141', '1515567672934', '1515557723921');
INSERT INTO `shop_pcategory` VALUES ('1515568487837', '1515567401926', '1515557064589');
INSERT INTO `shop_pcategory` VALUES ('1515568491458', '1515567761702', '1515557309728');
INSERT INTO `shop_pcategory` VALUES ('1515568499699', '1515567149563', '1515557684767');
INSERT INTO `shop_pcategory` VALUES ('1515568513842', '1515567401926', '1515557723921');
INSERT INTO `shop_pcategory` VALUES ('1515568520081', '1515567449883', '1515557954147');
INSERT INTO `shop_pcategory` VALUES ('1515568521249', '1515567672934', '1515557740606');
INSERT INTO `shop_pcategory` VALUES ('1515568522698', '1515567712883', '1515557064589');
INSERT INTO `shop_pcategory` VALUES ('1515568525573', '1515567548902', '1515557723921');
INSERT INTO `shop_pcategory` VALUES ('1515568526134', '1515567203574', '1515557740606');
INSERT INTO `shop_pcategory` VALUES ('1515568527610', '1515567709725', '1515557489486');
INSERT INTO `shop_pcategory` VALUES ('1515568532877', '1515567627606', '1515557258011');
INSERT INTO `shop_pcategory` VALUES ('1515568537663', '1515567855952', '1515557064589');
INSERT INTO `shop_pcategory` VALUES ('1515568539672', '1515567216824', '1515557489486');
INSERT INTO `shop_pcategory` VALUES ('1515568541570', '1515567741677', '1515557064589');
INSERT INTO `shop_pcategory` VALUES ('1515568545360', '1515567851722', '1515557489486');
INSERT INTO `shop_pcategory` VALUES ('1515568554831', '1515567861735', '1515557489486');
INSERT INTO `shop_pcategory` VALUES ('1515568554912', '1515567851722', '1515557723921');
INSERT INTO `shop_pcategory` VALUES ('1515568565537', '1515567152567', '1515557954147');
INSERT INTO `shop_pcategory` VALUES ('1515568566006', '1515567662052', '1515557954147');
INSERT INTO `shop_pcategory` VALUES ('1515568571422', '1515567712883', '1515557684767');
INSERT INTO `shop_pcategory` VALUES ('1515568571755', '1515567712883', '1515557954147');
INSERT INTO `shop_pcategory` VALUES ('1515568574092', '1515567089620', '1515557489486');
INSERT INTO `shop_pcategory` VALUES ('1515568576162', '1515567507305', '1515557258011');
INSERT INTO `shop_pcategory` VALUES ('1515568576481', '1515567149563', '1515557309728');
INSERT INTO `shop_pcategory` VALUES ('1515568577440', '1515567089620', '1515557684767');
INSERT INTO `shop_pcategory` VALUES ('1515568578225', '1515567861735', '1515557684767');
INSERT INTO `shop_pcategory` VALUES ('1515568590567', '1515567203574', '1515557258011');
INSERT INTO `shop_pcategory` VALUES ('1515568593262', '1515567216824', '1515557954147');
INSERT INTO `shop_pcategory` VALUES ('1515568597851', '1515567658402', '1515557723921');
INSERT INTO `shop_pcategory` VALUES ('1515568601522', '1515567449883', '1515557684767');
INSERT INTO `shop_pcategory` VALUES ('1515568607817', '1515567078469', '1515557723921');
INSERT INTO `shop_pcategory` VALUES ('1515568611046', '1515567627606', '1515557064589');
INSERT INTO `shop_pcategory` VALUES ('1515568615516', '1515567401926', '1515557954147');
INSERT INTO `shop_pcategory` VALUES ('1515568616263', '1515567861735', '1515557740606');
INSERT INTO `shop_pcategory` VALUES ('1515568619709', '1515567678473', '1515557684767');
INSERT INTO `shop_pcategory` VALUES ('1515568620716', '1515567855952', '1515557954147');
INSERT INTO `shop_pcategory` VALUES ('1515568627032', '1515567705968', '1515557954147');
INSERT INTO `shop_pcategory` VALUES ('1515568627852', '1515567401926', '1515557309728');
INSERT INTO `shop_pcategory` VALUES ('1515568633526', '1515567775797', '1515557309728');
INSERT INTO `shop_pcategory` VALUES ('1515568639204', '1515567775797', '1515557684767');
INSERT INTO `shop_pcategory` VALUES ('1515568643975', '1515567089620', '1515557064589');
INSERT INTO `shop_pcategory` VALUES ('1515568645449', '1515567775797', '1515557954147');
INSERT INTO `shop_pcategory` VALUES ('1515568645818', '1515567851722', '1515557954147');
INSERT INTO `shop_pcategory` VALUES ('1515568646624', '1515567507305', '1515557684767');
INSERT INTO `shop_pcategory` VALUES ('1515568650387', '1515567775797', '1515557064589');
INSERT INTO `shop_pcategory` VALUES ('1515568651861', '1515567449883', '1515557258011');
INSERT INTO `shop_pcategory` VALUES ('1515568652727', '1515567741677', '1515557258011');
INSERT INTO `shop_pcategory` VALUES ('1515568656233', '1515567658402', '1515557064589');
INSERT INTO `shop_pcategory` VALUES ('1515568657406', '1515567225678', '1515557684767');
INSERT INTO `shop_pcategory` VALUES ('1515568658167', '1515567082566', '1515557740606');
INSERT INTO `shop_pcategory` VALUES ('1515568660536', '1515567082566', '1515557258011');
INSERT INTO `shop_pcategory` VALUES ('1515568661526', '1515567548902', '1515557489486');
INSERT INTO `shop_pcategory` VALUES ('1515568666625', '1515567627606', '1515557740606');
INSERT INTO `shop_pcategory` VALUES ('1515568667928', '1515567627606', '1515557954147');
INSERT INTO `shop_pcategory` VALUES ('1515568668654', '1515567855952', '1515557684767');
INSERT INTO `shop_pcategory` VALUES ('1515568672971', '1515567033782', '1515557489486');
INSERT INTO `shop_pcategory` VALUES ('1515568675310', '1515567709725', '1515557684767');
INSERT INTO `shop_pcategory` VALUES ('1515568676508', '1515567152567', '1515557684767');
INSERT INTO `shop_pcategory` VALUES ('1515568689025', '1515567855952', '1515557309728');
INSERT INTO `shop_pcategory` VALUES ('1515568689776', '1515567709725', '1515557064589');
INSERT INTO `shop_pcategory` VALUES ('1515568691562', '1515567705968', '1515557740606');
INSERT INTO `shop_pcategory` VALUES ('1515568697243', '1515567203574', '1515557954147');
INSERT INTO `shop_pcategory` VALUES ('1515568701580', '1515567082566', '1515557309728');
INSERT INTO `shop_pcategory` VALUES ('1515568712651', '1515567658402', '1515557258011');
INSERT INTO `shop_pcategory` VALUES ('1515568714035', '1515567548902', '1515557684767');
INSERT INTO `shop_pcategory` VALUES ('1515568714608', '1515567078469', '1515557064589');
INSERT INTO `shop_pcategory` VALUES ('1515568717843', '1515567548902', '1515557740606');
INSERT INTO `shop_pcategory` VALUES ('1515568720727', '1515567507305', '1515557489486');
INSERT INTO `shop_pcategory` VALUES ('1515568722071', '1515567033782', '1515557684767');
INSERT INTO `shop_pcategory` VALUES ('1515568725470', '1515567548902', '1515557309728');
INSERT INTO `shop_pcategory` VALUES ('1515568728878', '1515567089620', '1515557723921');
INSERT INTO `shop_pcategory` VALUES ('1515568730516', '1515567152567', '1515557258011');
INSERT INTO `shop_pcategory` VALUES ('1515568730518', '1515567855952', '1515557740606');
INSERT INTO `shop_pcategory` VALUES ('1515568749799', '1515567078469', '1515557258011');
INSERT INTO `shop_pcategory` VALUES ('1515568755756', '1515567474859', '1515557489486');
INSERT INTO `shop_pcategory` VALUES ('1515568767091', '1515567705968', '1515557258011');
INSERT INTO `shop_pcategory` VALUES ('1515568769587', '1515567672934', '1515557489486');
INSERT INTO `shop_pcategory` VALUES ('1515568769805', '1515567678473', '1515557740606');
INSERT INTO `shop_pcategory` VALUES ('1515568781443', '1515567078469', '1515557740606');
INSERT INTO `shop_pcategory` VALUES ('1515568781862', '1515567851722', '1515557684767');
INSERT INTO `shop_pcategory` VALUES ('1515568783202', '1515567678473', '1515557258011');
INSERT INTO `shop_pcategory` VALUES ('1515568786610', '1515567741677', '1515557684767');
INSERT INTO `shop_pcategory` VALUES ('1515568794590', '1515567627606', '1515557723921');
INSERT INTO `shop_pcategory` VALUES ('1515568796605', '1515567855952', '1515557258011');
INSERT INTO `shop_pcategory` VALUES ('1515568799207', '1515567225678', '1515557740606');
INSERT INTO `shop_pcategory` VALUES ('1515568804418', '1515567548902', '1515557258011');
INSERT INTO `shop_pcategory` VALUES ('1515568811284', '1515567216824', '1515557064589');
INSERT INTO `shop_pcategory` VALUES ('1515568823204', '1515567474859', '1515557740606');
INSERT INTO `shop_pcategory` VALUES ('1515568835322', '1515567662052', '1515557723921');
INSERT INTO `shop_pcategory` VALUES ('1515568846413', '1515567741677', '1515557489486');
INSERT INTO `shop_pcategory` VALUES ('1515568847475', '1515567251796', '1515557740606');
INSERT INTO `shop_pcategory` VALUES ('1515568847541', '1515567089620', '1515557258011');
INSERT INTO `shop_pcategory` VALUES ('1515568848425', '1515567149563', '1515557258011');
INSERT INTO `shop_pcategory` VALUES ('1515568849206', '1515567658402', '1515557489486');
INSERT INTO `shop_pcategory` VALUES ('1515568853622', '1515567861735', '1515557954147');
INSERT INTO `shop_pcategory` VALUES ('1515568857037', '1515567140661', '1515557723921');
INSERT INTO `shop_pcategory` VALUES ('1515568859036', '1515567861735', '1515557309728');
INSERT INTO `shop_pcategory` VALUES ('1515568861695', '1515567705968', '1515557684767');
INSERT INTO `shop_pcategory` VALUES ('1515568868142', '1515567761702', '1515557064589');
INSERT INTO `shop_pcategory` VALUES ('1515568868651', '1515567672934', '1515557309728');
INSERT INTO `shop_pcategory` VALUES ('1515568869416', '1515567507305', '1515557309728');
INSERT INTO `shop_pcategory` VALUES ('1515568870671', '1515567672934', '1515557258011');
INSERT INTO `shop_pcategory` VALUES ('1515568872612', '1515567203574', '1515557489486');
INSERT INTO `shop_pcategory` VALUES ('1515568880570', '1515567678473', '1515557489486');
INSERT INTO `shop_pcategory` VALUES ('1515568881658', '1515567140661', '1515557309728');
INSERT INTO `shop_pcategory` VALUES ('1515568883186', '1515567658402', '1515557684767');
INSERT INTO `shop_pcategory` VALUES ('1515568883328', '1515567082566', '1515557954147');
INSERT INTO `shop_pcategory` VALUES ('1515568889918', '1515567082566', '1515557064589');
INSERT INTO `shop_pcategory` VALUES ('1515568891532', '1515567033782', '1515557309728');
INSERT INTO `shop_pcategory` VALUES ('1515568898990', '1515567709725', '1515557954147');
INSERT INTO `shop_pcategory` VALUES ('1515568904987', '1515567775797', '1515557258011');
INSERT INTO `shop_pcategory` VALUES ('1515568917398', '1515567251796', '1515557684767');
INSERT INTO `shop_pcategory` VALUES ('1515568917514', '1515567741677', '1515557954147');
INSERT INTO `shop_pcategory` VALUES ('1515568919981', '1515567152567', '1515557064589');
INSERT INTO `shop_pcategory` VALUES ('1515568921271', '1515567712883', '1515557723921');
INSERT INTO `shop_pcategory` VALUES ('1515568922487', '1515567251796', '1515557309728');
INSERT INTO `shop_pcategory` VALUES ('1515568932310', '1515567855952', '1515557489486');
INSERT INTO `shop_pcategory` VALUES ('1515568932464', '1515567627606', '1515557489486');
INSERT INTO `shop_pcategory` VALUES ('1515568937060', '1515567474859', '1515557684767');
INSERT INTO `shop_pcategory` VALUES ('1515568937326', '1515567203574', '1515557723921');
INSERT INTO `shop_pcategory` VALUES ('1515568939535', '1515567851722', '1515557258011');
INSERT INTO `shop_pcategory` VALUES ('1515568942289', '1515567672934', '1515557064589');
INSERT INTO `shop_pcategory` VALUES ('1515568944001', '1515567149563', '1515557064589');
INSERT INTO `shop_pcategory` VALUES ('1515568945812', '1515567861735', '1515557723921');
INSERT INTO `shop_pcategory` VALUES ('1515568946018', '1515567678473', '1515557954147');
INSERT INTO `shop_pcategory` VALUES ('1515568946449', '1515567449883', '1515557489486');
INSERT INTO `shop_pcategory` VALUES ('1515568953842', '1515567474859', '1515557954147');
INSERT INTO `shop_pcategory` VALUES ('1515568956524', '1515567152567', '1515557309728');
INSERT INTO `shop_pcategory` VALUES ('1515568957880', '1515567216824', '1515557740606');
INSERT INTO `shop_pcategory` VALUES ('1515568958544', '1515567474859', '1515557309728');
INSERT INTO `shop_pcategory` VALUES ('1515568959403', '1515567662052', '1515557489486');
INSERT INTO `shop_pcategory` VALUES ('1515568961702', '1515567078469', '1515557309728');
INSERT INTO `shop_pcategory` VALUES ('1515568963659', '1515567705968', '1515557489486');
INSERT INTO `shop_pcategory` VALUES ('1515568967092', '1515567225678', '1515557258011');
INSERT INTO `shop_pcategory` VALUES ('1515568968428', '1515567449883', '1515557309728');
INSERT INTO `shop_pcategory` VALUES ('1515568970099', '1515567761702', '1515557740606');
INSERT INTO `shop_pcategory` VALUES ('1515568971490', '1515567474859', '1515557723921');
INSERT INTO `shop_pcategory` VALUES ('1515568977527', '1515567709725', '1515557309728');
INSERT INTO `shop_pcategory` VALUES ('1515568981723', '1515567851722', '1515557309728');
INSERT INTO `shop_pcategory` VALUES ('1515568985112', '1515567216824', '1515557723921');
INSERT INTO `shop_pcategory` VALUES ('1515568994399', '1515567761702', '1515557489486');
INSERT INTO `shop_pcategory` VALUES ('1515568995884', '1515567082566', '1515557684767');
INSERT INTO `shop_pcategory` VALUES ('1515568997412', '1515567672934', '1515557954147');
INSERT INTO `shop_pcategory` VALUES ('1515569000552', '1515567851722', '1515557064589');
INSERT INTO `shop_pcategory` VALUES ('1515569001771', '1515567225678', '1515557064589');
INSERT INTO `shop_pcategory` VALUES ('1515569005658', '1515567033782', '1515557954147');
INSERT INTO `shop_pcategory` VALUES ('1515569024808', '1515567225678', '1515557723921');
INSERT INTO `shop_pcategory` VALUES ('1515569028778', '1515567203574', '1515557684767');
INSERT INTO `shop_pcategory` VALUES ('1515569034419', '1515567203574', '1515557064589');
INSERT INTO `shop_pcategory` VALUES ('1515569039185', '1515567082566', '1515557489486');
INSERT INTO `shop_pcategory` VALUES ('1515569040979', '1515567033782', '1515557740606');
INSERT INTO `shop_pcategory` VALUES ('1515569042644', '1515567401926', '1515557489486');
INSERT INTO `shop_pcategory` VALUES ('1515569045165', '1515567225678', '1515557489486');
INSERT INTO `shop_pcategory` VALUES ('1515569046200', '1515567449883', '1515557740606');
INSERT INTO `shop_pcategory` VALUES ('1515569053520', '1515567225678', '1515557954147');
INSERT INTO `shop_pcategory` VALUES ('1515569054767', '1515567861735', '1515557258011');
INSERT INTO `shop_pcategory` VALUES ('1515569058678', '1515567712883', '1515557489486');
INSERT INTO `shop_pcategory` VALUES ('1515569062756', '1515567078469', '1515557684767');
INSERT INTO `shop_pcategory` VALUES ('1515569071559', '1515567140661', '1515557740606');
INSERT INTO `shop_pcategory` VALUES ('1515569078610', '1515567741677', '1515557309728');
INSERT INTO `shop_pcategory` VALUES ('1515569087000', '1515567658402', '1515557309728');
INSERT INTO `shop_pcategory` VALUES ('1515569088768', '1515567851722', '1515557740606');
INSERT INTO `shop_pcategory` VALUES ('1515569089400', '1515567251796', '1515557954147');
INSERT INTO `shop_pcategory` VALUES ('1515569091638', '1515567140661', '1515557954147');
INSERT INTO `shop_pcategory` VALUES ('1515569097044', '1515567709725', '1515557258011');
INSERT INTO `shop_pcategory` VALUES ('1515569097866', '1515567672934', '1515557684767');
INSERT INTO `shop_pcategory` VALUES ('1515569104447', '1515567401926', '1515557684767');
INSERT INTO `shop_pcategory` VALUES ('1515569105833', '1515567149563', '1515557723921');
INSERT INTO `shop_pcategory` VALUES ('1515569112271', '1515567678473', '1515557309728');
INSERT INTO `shop_pcategory` VALUES ('1515569115438', '1515567662052', '1515557309728');
INSERT INTO `shop_pcategory` VALUES ('1515569115891', '1515567140661', '1515557258011');
INSERT INTO `shop_pcategory` VALUES ('1515569118157', '1515567761702', '1515557684767');
INSERT INTO `shop_pcategory` VALUES ('1515569119185', '1515567474859', '1515557064589');
INSERT INTO `shop_pcategory` VALUES ('1515569120003', '1515567152567', '1515557489486');
INSERT INTO `shop_pcategory` VALUES ('1515569120956', '1515567775797', '1515557740606');
INSERT INTO `shop_pcategory` VALUES ('1515569127817', '1515567078469', '1515557489486');
INSERT INTO `shop_pcategory` VALUES ('1515569132253', '1515567216824', '1515557258011');
INSERT INTO `shop_pcategory` VALUES ('1515569142500', '1515567705968', '1515557723921');
INSERT INTO `shop_pcategory` VALUES ('1515569146521', '1515567078469', '1515557954147');
INSERT INTO `shop_pcategory` VALUES ('1515569148359', '1515567662052', '1515557684767');
INSERT INTO `shop_pcategory` VALUES ('1515569154112', '1515567507305', '1515557954147');
INSERT INTO `shop_pcategory` VALUES ('1515569166788', '1515567761702', '1515557258011');
INSERT INTO `shop_pcategory` VALUES ('1515569167693', '1515567203574', '1515557309728');
INSERT INTO `shop_pcategory` VALUES ('1515569170080', '1515567741677', '1515557723921');
INSERT INTO `shop_pcategory` VALUES ('1515569173301', '1515567401926', '1515557740606');
INSERT INTO `shop_pcategory` VALUES ('1515569176420', '1515567089620', '1515557309728');
INSERT INTO `shop_pcategory` VALUES ('1515569176459', '1515567861735', '1515557064589');
INSERT INTO `shop_pcategory` VALUES ('1515569178445', '1515567449883', '1515557723921');
INSERT INTO `shop_pcategory` VALUES ('1515569180186', '1515567033782', '1515557258011');
INSERT INTO `shop_pcategory` VALUES ('1515569180544', '1515567216824', '1515557684767');
INSERT INTO `shop_pcategory` VALUES ('1515569183062', '1515567251796', '1515557489486');
INSERT INTO `shop_pcategory` VALUES ('1515569188380', '1515567251796', '1515557258011');
INSERT INTO `shop_pcategory` VALUES ('1515569188814', '1515567712883', '1515557740606');
INSERT INTO `shop_pcategory` VALUES ('1515569191352', '1515567401926', '1515557258011');
INSERT INTO `shop_pcategory` VALUES ('1515569192636', '1515567089620', '1515557740606');
INSERT INTO `shop_pcategory` VALUES ('1515569199452', '1515567082566', '1515557723921');
INSERT INTO `shop_pcategory` VALUES ('1515569206976', '1515567658402', '1515557740606');
INSERT INTO `shop_pcategory` VALUES ('1515569209677', '1515567251796', '1515557723921');
INSERT INTO `shop_pcategory` VALUES ('1515569214081', '1515567678473', '1515557064589');
INSERT INTO `shop_pcategory` VALUES ('1515569222157', '1515567705968', '1515557064589');
INSERT INTO `shop_pcategory` VALUES ('1515569228341', '1515567548902', '1515557954147');

-- ----------------------------
-- Table structure for shop_picture
-- ----------------------------
DROP TABLE IF EXISTS `shop_picture`;
CREATE TABLE `shop_picture` (
  `picture_id` bigint(20) NOT NULL,
  `picture_path` varchar(512) NOT NULL,
  `shop_id` bigint(20) NOT NULL,
  PRIMARY KEY (`picture_id`)
) ENGINE=InnoDB DEFAULT CHARSET=utf8mb4;

-- ----------------------------
-- Records of shop_picture
-- ----------------------------
INSERT INTO `shop_picture` VALUES ('1515567175160', 's.png', '1515567851722');
INSERT INTO `shop_picture` VALUES ('1515567186890', 's.png', '1515567474859');
INSERT INTO `shop_picture` VALUES ('1515567193349', 's.png', '1515567662052');
INSERT INTO `shop_picture` VALUES ('1515567197860', 's.png', '1515567203574');
INSERT INTO `shop_picture` VALUES ('1515567211210', 's.png', '1515567855952');
INSERT INTO `shop_picture` VALUES ('1515567211335', 's.png', '1515567082566');
INSERT INTO `shop_picture` VALUES ('1515567212958', 's.png', '1515567078469');
INSERT INTO `shop_picture` VALUES ('1515567215634', 's.png', '1515567627606');
INSERT INTO `shop_picture` VALUES ('1515567219610', 's.png', '1515567078469');
INSERT INTO `shop_picture` VALUES ('1515567227065', 's.png', '1515567548902');
INSERT INTO `shop_picture` VALUES ('1515567228723', 's.png', '1515567761702');
INSERT INTO `shop_picture` VALUES ('1515567229287', 's.png', '1515567851722');
INSERT INTO `shop_picture` VALUES ('1515567231786', 's.png', '1515567149563');
INSERT INTO `shop_picture` VALUES ('1515567234761', 's.png', '1515567855952');
INSERT INTO `shop_picture` VALUES ('1515567238614', 's.png', '1515567449883');
INSERT INTO `shop_picture` VALUES ('1515567247436', 's.png', '1515567225678');
INSERT INTO `shop_picture` VALUES ('1515567267916', 's.png', '1515567709725');
INSERT INTO `shop_picture` VALUES ('1515567268827', 's.png', '1515567861735');
INSERT INTO `shop_picture` VALUES ('1515567281377', 's.png', '1515567203574');
INSERT INTO `shop_picture` VALUES ('1515567297609', 's.png', '1515567078469');
INSERT INTO `shop_picture` VALUES ('1515567302675', 's.png', '1515567672934');
INSERT INTO `shop_picture` VALUES ('1515567309049', 's.png', '1515567140661');
INSERT INTO `shop_picture` VALUES ('1515567310072', 's.png', '1515567474859');
INSERT INTO `shop_picture` VALUES ('1515567336590', 's.png', '1515567507305');
INSERT INTO `shop_picture` VALUES ('1515567336632', 's.png', '1515567678473');
INSERT INTO `shop_picture` VALUES ('1515567344277', 's.png', '1515567627606');
INSERT INTO `shop_picture` VALUES ('1515567345388', 's.png', '1515567140661');
INSERT INTO `shop_picture` VALUES ('1515567349284', 's.png', '1515567627606');
INSERT INTO `shop_picture` VALUES ('1515567349631', 's.png', '1515567705968');
INSERT INTO `shop_picture` VALUES ('1515567366780', 's.png', '1515567712883');
INSERT INTO `shop_picture` VALUES ('1515567387434', 's.png', '1515567225678');
INSERT INTO `shop_picture` VALUES ('1515567397476', 's.png', '1515567449883');
INSERT INTO `shop_picture` VALUES ('1515567406863', 's.png', '1515567507305');
INSERT INTO `shop_picture` VALUES ('1515567412126', 's.png', '1515567082566');
INSERT INTO `shop_picture` VALUES ('1515567415164', 's.png', '1515567033782');
INSERT INTO `shop_picture` VALUES ('1515567437293', 's.png', '1515567861735');
INSERT INTO `shop_picture` VALUES ('1515567444453', 's.png', '1515567662052');
INSERT INTO `shop_picture` VALUES ('1515567462402', 's.png', '1515567658402');
INSERT INTO `shop_picture` VALUES ('1515567478741', 's.png', '1515567149563');
INSERT INTO `shop_picture` VALUES ('1515567480348', 's.png', '1515567216824');
INSERT INTO `shop_picture` VALUES ('1515567484085', 's.png', '1515567082566');
INSERT INTO `shop_picture` VALUES ('1515567486430', 's.png', '1515567401926');
INSERT INTO `shop_picture` VALUES ('1515567492361', 's.png', '1515567775797');
INSERT INTO `shop_picture` VALUES ('1515567505721', 's.png', '1515567507305');
INSERT INTO `shop_picture` VALUES ('1515567511451', 's.png', '1515567678473');
INSERT INTO `shop_picture` VALUES ('1515567520814', 's.png', '1515567251796');
INSERT INTO `shop_picture` VALUES ('1515567520937', 's.png', '1515567855952');
INSERT INTO `shop_picture` VALUES ('1515567526303', 's.png', '1515567548902');
INSERT INTO `shop_picture` VALUES ('1515567538144', 's.png', '1515567251796');
INSERT INTO `shop_picture` VALUES ('1515567553672', 's.png', '1515567672934');
INSERT INTO `shop_picture` VALUES ('1515567567079', 's.png', '1515567203574');
INSERT INTO `shop_picture` VALUES ('1515567614278', 's.png', '1515567089620');
INSERT INTO `shop_picture` VALUES ('1515567627416', 's.png', '1515567658402');
INSERT INTO `shop_picture` VALUES ('1515567630851', 's.png', '1515567089620');
INSERT INTO `shop_picture` VALUES ('1515567646551', 's.png', '1515567712883');
INSERT INTO `shop_picture` VALUES ('1515567647504', 's.png', '1515567251796');
INSERT INTO `shop_picture` VALUES ('1515567661655', 's.png', '1515567225678');
INSERT INTO `shop_picture` VALUES ('1515567672826', 's.png', '1515567705968');
INSERT INTO `shop_picture` VALUES ('1515567693880', 's.png', '1515567474859');
INSERT INTO `shop_picture` VALUES ('1515567697958', 's.png', '1515567761702');
INSERT INTO `shop_picture` VALUES ('1515567702575', 's.png', '1515567449883');
INSERT INTO `shop_picture` VALUES ('1515567746491', 's.png', '1515567851722');
INSERT INTO `shop_picture` VALUES ('1515567757845', 's.png', '1515567741677');
INSERT INTO `shop_picture` VALUES ('1515567764829', 's.png', '1515567712883');
INSERT INTO `shop_picture` VALUES ('1515567774437', 's.png', '1515567705968');
INSERT INTO `shop_picture` VALUES ('1515567788170', 's.png', '1515567662052');
INSERT INTO `shop_picture` VALUES ('1515567788880', 's.png', '1515567775797');
INSERT INTO `shop_picture` VALUES ('1515567794782', 's.png', '1515567089620');
INSERT INTO `shop_picture` VALUES ('1515567798011', 's.png', '1515567140661');
INSERT INTO `shop_picture` VALUES ('1515567801634', 's.png', '1515567861735');
INSERT INTO `shop_picture` VALUES ('1515567845499', 's.png', '1515567152567');
INSERT INTO `shop_picture` VALUES ('1515567852375', 's.png', '1515567152567');
INSERT INTO `shop_picture` VALUES ('1515567879201', 's.png', '1515567401926');
INSERT INTO `shop_picture` VALUES ('1515567883130', 's.png', '1515567152567');
INSERT INTO `shop_picture` VALUES ('1515567889526', 's.png', '1515567401926');
INSERT INTO `shop_picture` VALUES ('1515567895639', 's.png', '1515567216824');
INSERT INTO `shop_picture` VALUES ('1515567914185', 's.png', '1515567775797');
INSERT INTO `shop_picture` VALUES ('1515567914550', 's.png', '1515567033782');
INSERT INTO `shop_picture` VALUES ('1515567916546', 's.png', '1515567149563');
INSERT INTO `shop_picture` VALUES ('1515567926085', 's.png', '1515567709725');
INSERT INTO `shop_picture` VALUES ('1515567936049', 's.png', '1515567548902');
INSERT INTO `shop_picture` VALUES ('1515567958925', 's.png', '1515567672934');
INSERT INTO `shop_picture` VALUES ('1515567961755', 's.png', '1515567709725');
INSERT INTO `shop_picture` VALUES ('1515567989306', 's.png', '1515567741677');
INSERT INTO `shop_picture` VALUES ('1515567998722', 's.png', '1515567033782');
INSERT INTO `shop_picture` VALUES ('1515568021003', 's.png', '1515567216824');
INSERT INTO `shop_picture` VALUES ('1515568022431', 's.png', '1515567678473');
INSERT INTO `shop_picture` VALUES ('1515568026596', 's.png', '1515567761702');
INSERT INTO `shop_picture` VALUES ('1515568040086', 's.png', '1515567741677');
INSERT INTO `shop_picture` VALUES ('1515568043346', 's.png', '1515567658402');

-- ----------------------------
-- Table structure for user
-- ----------------------------
DROP TABLE IF EXISTS `user`;
CREATE TABLE `user` (
  `user_id` bigint(20) NOT NULL,
  `user_name` varchar(12) COLLATE utf8_bin DEFAULT NULL,
  `user_password` varchar(50) COLLATE utf8_bin DEFAULT NULL,
  `user_head_path` varchar(100) COLLATE utf8_bin DEFAULT NULL,
  `register` timestamp NULL DEFAULT NULL,
  `user_phone` varchar(12) COLLATE utf8_bin DEFAULT NULL,
  PRIMARY KEY (`user_id`)
) ENGINE=InnoDB DEFAULT CHARSET=utf8 COLLATE=utf8_bin;

-- ----------------------------
-- Records of user
-- ----------------------------
INSERT INTO `user` VALUES ('1', '用户1', null, 'head1.jpg', null, null);
INSERT INTO `user` VALUES ('2', '用户2', null, 'head2.jpg', null, null);
INSERT INTO `user` VALUES ('3', '用户3', null, 'head3.jpg', null, null);
INSERT INTO `user` VALUES ('4', '用户4', null, 'head4.jpg', null, null);
INSERT INTO `user` VALUES ('1516332510603', 'lisi', 'dc483e80a7a0bd9ef71d8cf973673924', null, null, '18934043766');

-- ----------------------------
-- Table structure for user_address
-- ----------------------------
DROP TABLE IF EXISTS `user_address`;
CREATE TABLE `user_address` (
  `address_id` bigint(20) NOT NULL,
  `user_address` varchar(250) COLLATE utf8_bin NOT NULL,
  `phone` varchar(12) COLLATE utf8_bin NOT NULL,
  `user_id` bigint(20) NOT NULL,
  `house_number` varchar(50) COLLATE utf8_bin DEFAULT NULL,
  `consignee` varchar(30) COLLATE utf8_bin NOT NULL,
  `Is_default` tinyint(4) NOT NULL,
  PRIMARY KEY (`address_id`)
) ENGINE=InnoDB DEFAULT CHARSET=utf8 COLLATE=utf8_bin;

-- ----------------------------
-- Records of user_address
-- ----------------------------
INSERT INTO `user_address` VALUES ('1', '广东省', '13420111111', '1', null, '', '0');
INSERT INTO `user_address` VALUES ('1516369022659', '广东海洋大学科技楼1', '18934043756', '1516332510603', '科技楼418', '小豪1', '1');
INSERT INTO `user_address` VALUES ('1516369139742', '广东海洋大学科技楼2', '18934043757', '1516332510603', '科技楼418', '小豪2', '0');
INSERT INTO `user_address` VALUES ('1516369205213', '广东海洋大学科技楼', '18934043755', '1516332510603', '科技楼418', '小豪', '0');
INSERT INTO `user_address` VALUES ('1516369380410', '广东海洋大学科技楼6', '18934043758', '1516332510603', '科技楼418', '小志8', '0');
SET FOREIGN_KEY_CHECKS=1;
